location_id,name,city,country,latitude,longitude,rating,num_reviews,price_level,category
18187544,Taylor's Port,Lisbon,Portugal,38.70927,-9.12993,3.8,25,,attraction
27648763,Al Tapas,Lisbon,Portugal,38.709248,-9.129955,4.8,20,$$ - $$$,restaurant
10822557,O Fado da Mimi,Lisbon,Portugal,38.70917,-9.129995,3.9,41,$$ - $$$,restaurant
13203724,Gelato Davvero,Lisbon,Portugal,38.70921,-9.130014,4.9,47,$,restaurant
17665289,Arco de Jesus,Lisbon,Portugal,38.70927,-9.12993,4.0,6,,attraction
28275179,Taverna das Marias,Lisbon,Portugal,38.709396,-9.130044,4.7,7,,restaurant
7260478,Taverna Das Marias,Lisbon,Portugal,38.709282,-9.12999,4.7,1004,$$ - $$$,restaurant
6888719,Scooters Cool,Lisbon,Portugal,38.70935,-9.130069,4.3,24,,attraction
27824221,Lisbon Fundamental,Lisbon,Portugal,38.70931,-9.130104,,0,,attraction
8692285,Sardina,Lisbon,Portugal,38.70924,-9.1303,4.5,2,,attraction
32875632,Baracca Dell'amicizia,Egg,Switzerland,47.3045,8.692117,5.0,1,,restaurant
7147804,Giallo Pizza,Egg,Switzerland,47.303745,8.693383,4.4,34,$$ - $$$,restaurant
9599135,Pizzeria Wollenhof,Moenchaltdorf,Switzerland,47.309814,8.718826,4.1,14,$$ - $$$,restaurant
28085841,Chasladeli Monchaltorf,Moenchaltdorf,Switzerland,47.310284,8.720411,,0,,restaurant
28085844,Al Manara Markt,Monchaltorf,Switzerland,47.30981,8.71909,,0,,restaurant
21367661,Swiss Organic Partners,Monchaltorf,Switzerland,47.302887,8.717998,,0,,attraction
13008960,Besenbeiz Rotblattstubli,Esslingen,Switzerland,47.29936,8.71445,4.6,5,$$ - $$$,restaurant
13491491,Restaurant Bahnhof,Esslingen,Switzerland,47.289616,8.712728,4.4,20,$,restaurant
10060401,Hotel Loewen,Moenchaltdorf,Switzerland,47.31004,8.72115,,0,$$$,hotel
27662237,Gasthof Lowen,Moenchaltdorf,Switzerland,47.310047,8.721158,,0,$$$,hotel
1333205,Pasqualina,Ivry-sur-Seine,France,48.810917,2.379695,4.5,220,$$ - $$$,restaurant
13339340,Theatre El Duende,Ivry-sur-Seine,France,48.81103,2.378235,5.0,1,,attraction
12272258,chambres a Paris,Ivry-sur-Seine,France,48.80739,2.37628,,0,,hotel
27845533,O'tasty | Ivry,Ivry-sur-Seine,France,48.81141,2.379511,,0,,restaurant
28643451,Wingstop,Ivry-sur-Seine,France,48.81372,2.379048,,0,,restaurant
13986662,Eglise Saint Pierre Saint Paul,Ivry-sur-Seine,France,48.81108,2.38261,3.3,3,,attraction
17392156,Le QG,Ivry-sur-Seine,France,48.80784,2.38346,5.0,4,,restaurant
27846033,Le Marat Bar Restaurant,Ivry-sur-Seine,France,48.81093,2.384051,,0,,restaurant
6209240,Planete Terroir,Ivry-sur-Seine,France,48.8107,2.38418,4.6,32,$$ - $$$,restaurant
5797120,Al Dabke,Ivry-sur-Seine,France,48.81096,2.38384,4.2,111,$$ - $$$,restaurant
237960,Hotel Lautrup Park,Ballerup,Denmark,55.733597,12.387455,3.8,117,$$,hotel
9871515,Restaurant and Wine Bar,Ballerup,Denmark,55.73359,12.38749,3.9,8,$$$$,restaurant
28091975,Men-o-kitchen,Ballerup,Denmark,55.735523,12.387193,,0,,restaurant
28092520,Orion Pizza Burger & Grillhouse,Ballerup,Denmark,55.750423,12.387148,,0,,restaurant
15253578,Le Fiesta,Ballerup,Denmark,55.750137,12.377654,1.9,7,,restaurant
21132594,Yen Wellness Thai Massage,Ballerup,Denmark,55.729313,12.374495,5.0,2,,attraction
19244747,Kebab Pa Farten,Ballerup,Denmark,55.72431,12.3858,,0,,restaurant
23559342,Rudecru Rebel Fashion Store,Ballerup,Denmark,55.72347,12.37985,5.0,2,,attraction
21124591,Yen Wellness,Ballerup Municipality,Denmark,55.729267,12.374815,,0,,attraction
28093059,Ballerup Tennisklub,Ballerup,Denmark,55.73226,12.368614,,0,,restaurant
27907320,Ber 26,Berlin,Germany,52.59414,13.361193,,0,,restaurant
200360,Hotel Ibis Berlin City Nord,Berlin,Germany,52.574593,13.358322,3.6,744,$,hotel
13191373,Markisches Viertel,Berlin,Germany,52.5968,13.35831,,0,,
21387766,Specialplaceinberlin,Berlin,Germany,52.59535,13.35773,,0,,hotel
27194654,K1 • Bar,Berlin,Germany,52.574394,13.359705,,0,,restaurant
15584235,Geheimwaffel,Berlin,Germany,52.57419,13.358445,4.6,8,$$ - $$$,restaurant
11708306,Steakhaus El Dorando,Berlin,Germany,52.57399,13.358716,3.5,25,$$ - $$$,restaurant
14860635,The My Moon Restaurant & Lounge,Berlin,Germany,52.57432,13.35885,4.1,42,$$ - $$$,restaurant
27358945,Residenz Imbiss,Berlin,Germany,52.57309,13.35899,,0,,restaurant
28299543,Klemkepark,Berlin,Germany,52.57587,13.362053,,0,,attraction
16807031,Kina Hornet,Stockholm,Sweden,59.24204,18.09118,3.5,4,,restaurant
12075928,Rasteri Grill,Farsta,Sweden,59.23601,18.09739,4.7,3,,restaurant
8535500,Pizzeria Oden,Vasterhaninge,Sweden,59.12715,18.09992,4.8,14,$,restaurant
15672951,Burger King,Farsta,Sweden,59.242188,18.091278,2.0,11,$,restaurant
28081140,Christenssons Konditori,Stockholm,Sweden,59.243073,18.091482,,0,,restaurant
23734252,Chopchop,Farsta,Sweden,59.24295,18.09117,3.8,4,,restaurant
12115324,Kina Hornet AB,Farsta,Sweden,59.24233,18.09198,2.3,12,$$ - $$$,restaurant
5956742,Naked Juicebar,Farsta,Sweden,59.24308,18.09289,3.4,17,,restaurant
4424248,Sushi Yama,Stockholm,Sweden,59.24224,18.09215,2.1,19,,restaurant
10729238,Itamae Sushi Bar,Stockholm,Sweden,59.2421,18.09004,3.5,16,$$ - $$$,restaurant
4199630,Der Bootsladen,Berlin,Germany,52.51413,13.21516,5.0,2,,attraction
16694858,Restaurant Stara Kuca,Berlin,Germany,52.511986,13.197812,3.7,10,$$ - $$$,restaurant
15083207,Ristorante Fratelli,Berlin,Germany,52.511757,13.200859,4.8,17,$$ - $$$,restaurant
15279227,Wassersport-Appartements Am Stossensee,Berlin,Germany,52.51169,13.21002,,0,$$,hotel
601236,Alecsa Hotel am Olympiastadion,Berlin,Germany,52.510666,13.221094,3.4,183,,hotel
11837785,Ketchup 35,Berlin,Germany,52.510414,13.208467,3.9,36,$,restaurant
2284513,Buenos Aires,Berlin,Germany,52.51805,13.19755,3.7,28,$$ - $$$,restaurant
12962585,"Sauber, schmerzlos, schon..",Berlin,Germany,52.51686,13.1974,,0,,attraction
27228166,Kleines Cafe Spandau,Berlin,Germany,52.5158,13.197095,,0,,restaurant
27890214,Traditionsbackerei Rosler,Berlin,Germany,52.512733,13.196485,,0,,restaurant
28058653,Rariteten,Loken,Norway,59.804325,11.393231,,0,,restaurant
32807040,Enebakk Kirke,Enebakk Municipality,Norway,59.762367,11.147024,,0,,attraction
27962712,Krokhol Golfkro,Siggerud,Norway,59.80303,10.928305,,0,,restaurant
26103512,Krokhol Disc Golf Course,Siggerud,Norway,59.80291,10.927398,3.0,1,,attraction
1799406,Sormarka Konferansehotell,Siggerud,Norway,59.806335,10.908769,3.8,80,$$,hotel
3384783,Sandbakken Sportsstue,Oslo,Norway,59.828636,10.91673,4.7,3,,restaurant
32841758,Paintball Oslo,Oslo,Norway,59.82483,10.866862,,0,,attraction
8132563,Vangen Cabin,Siggerud,Norway,59.82131,10.992532,4.7,7,,restaurant
32891971,Folkets Pub Flateby,Flateby,Norway,59.829475,11.151945,,0,,restaurant
4271006,Ali Kebab,Flateby,Norway,59.82922,11.152488,4.0,15,,restaurant
3321643,Klee am Hanslteich,Vienna,Austria,48.238598,16.27151,3.8,446,$$$$,restaurant
9976831,Kletterhalle Marswiese,Vienna,Austria,48.24007,16.27653,3.8,4,,attraction
7213455,Zur Allee,Vienna,Austria,48.240555,16.277563,4.1,27,$$ - $$$,restaurant
28075046,Sushi To Go Turandot,Vienna,Austria,48.235382,16.289991,,0,,restaurant
1319628,Wirtshaus Steirerstockl,Vienna,Austria,48.24231,16.294044,4.3,223,$$ - $$$,restaurant
528636,Sophienalpe,Vienna,Austria,48.24681,16.230707,2.3,69,,hotel
21228119,Sophienalpe,Vienna,Austria,48.24689,16.23077,4.5,2,$$ - $$$,restaurant
14090926,Schwarzenberg Park,Vienna,Austria,48.245045,16.274567,4.3,6,,attraction
3863211,Manameierei,Vienna,Austria,48.24389,16.27,4.0,56,$$ - $$$,restaurant
4539168,Gasthof Ungler,Mauerbach,Austria,48.24623,16.16686,3.2,6,,restaurant
9734241,Restaurace a jizdarna Kopansky mlyn,Tuchomerice,Czech Republic,50.13669,14.31026,3.9,26,$$ - $$$,restaurant
28061053,Restaurace Statenka,Statenice,Czech Republic,50.14105,14.31874,,0,,restaurant
7124021,Chotol,Horomerice,Czech Republic,50.13815,14.32744,3.0,5,,restaurant
497484,Hotel CHOTOL,Horomerice,Czech Republic,50.1371,14.32991,2.4,29,$,hotel
1006762,Auberge de Provence,Tuchomerice,Czech Republic,50.136127,14.27739,3.7,48,$$ - $$$,restaurant
6161707,Auberge de Provence,Tuchomerice,Czech Republic,50.136112,14.277442,4.4,34,,hotel
23261225,Casino Bonver Teplice,Teplice,Czech Republic,50.135742,14.281754,,0,,attraction
6774535,Folk restaurant Stary vrch,Stredokluky,Czech Republic,50.13448,14.23173,4.7,3,,restaurant
2543008,Stary Vrch,Stredokluky,Czech Republic,50.13446,14.23169,4.5,4,$$ - $$$,restaurant
28069502,KoupalistE Stredokluky,Stredokluky,Czech Republic,50.13499,14.23165,,0,,restaurant
28066605,Pizzeria Napoli Vasterhaninge,Vasterhaninge,Sweden,59.122185,18.08769,,0,,restaurant
11916835,Agestabadet,Huddinge,Sweden,59.22653,18.08521,4.0,2,,attraction
20583173,Villa Brannugnen,Farsta,Sweden,59.22884,18.08398,5.0,2,,restaurant
3649282,Brovakten Bed & Breakfast,Farsta,Sweden,59.23017,18.0878,4.8,14,,hotel
28081622,American Us Pizza,Farsta,Sweden,59.253635,18.086517,,0,,restaurant
28081138,Sam Matnara,Stockholm,Sweden,59.24621,18.087196,,0,,restaurant
13200769,Pizza Express,Farsta,Sweden,59.253624,18.086494,3.0,2,,restaurant
28080874,Subeki Sushi,Farsta,Sweden,59.25611,18.083372,,0,,restaurant
20108255,Grannens Pizzeria,Farsta,Sweden,59.246128,18.08629,1.5,2,,restaurant
28079539,Mickel Rav,Farsta,Sweden,59.254128,18.082981,,0,,restaurant
16644533,Grand Taj Indian Restaurant,Oslo,Norway,59.832554,10.807887,3.4,29,$$ - $$$,restaurant
12155063,Ming China,Oppegard,Norway,59.81904,10.81519,4.5,2,,restaurant
32790595,Kolbotn Kirke,Kolbotn,Norway,59.80693,10.806357,,0,,attraction
28063819,Pamparius Pizza,Kolbotn,Norway,59.80556,10.805841,,0,,restaurant
28063486,Domino's Pizza,Sofiemyr,Norway,59.802284,10.816372,,0,,restaurant
10862718,Oppegard Sushi & Wok,Oppegard,Norway,59.76668,10.81157,4.3,41,$$ - $$$,restaurant
13189261,Sushi House Oppegard,Oppegard,Norway,59.76607,10.81374,4.0,9,$$ - $$$,restaurant
8530636,Oppegaard Golf Club,Oppegard,Norway,59.77682,10.81455,5.0,1,,attraction
28138834,Mam Asian Diner,Oppegard,Norway,59.76558,10.81389,5.0,2,$$ - $$$,restaurant
28063798,Extra Hellerasten,Sofiemyr,Norway,59.807903,10.816457,,0,,restaurant
6122877,Il Sogno Di Napoli,Rome,Italy,41.94315,12.626958,4.4,137,$,restaurant
8670140,Casa Magini,Rome,Italy,41.9404,12.62677,4.3,11,$$,hotel
27378627,Bar Gli Amici,Rome,Italy,41.9444,12.626,,0,,restaurant
27394782,Nabab,Rome,Italy,41.94062,12.62367,,0,,restaurant
27814308,Lantico Baretto Casamagini,Rome,Italy,41.939823,12.62577,,0,,restaurant
13142013,Chiesa di Santa Maria dell'Olivo,Rome,Italy,41.93975,12.62323,,0,,attraction
14052289,Hostaria Marchigiana,Rome,Italy,41.93881,12.625669,4.4,28,$,restaurant
8691297,All'anima Del Panino,Rome,Italy,41.93945,12.62253,5.0,8,$,restaurant
17449166,Caffe Dell'anima,Rome,Italy,41.93945,12.62202,4.0,3,,restaurant
5566973,Dubai Cafe,Rome,Italy,41.938984,12.627695,2.6,59,,attraction
10627319,Jura Hohenweg 5: Stage 1: Dielsdorf to Brugg,Dielsdorf,Switzerland,47.4831,8.45813,4.0,1,,attraction
19112159,Coop Restaurant,Dielsdorf,Switzerland,47.48359,8.46531,3.0,2,,restaurant
23288356,McDonald's Restaurant,Dielsdorf,Switzerland,47.48359,8.465336,,0,,restaurant
6416284,Churrascaria Boi Na Brasa,Dielsdorf,Switzerland,47.48283,8.466041,4.0,103,$$ - $$$,restaurant
609720,Hotel Restaurant Lowen Dielsdorf,Dielsdorf,Switzerland,47.483673,8.455272,4.0,56,$$$,hotel
14802823,Gasthof zum Kreuz,Steinmaur,Switzerland,47.499992,8.455217,4.7,13,$$ - $$$,restaurant
19344228,Cafe Mit Herz,Dielsdorf,Switzerland,47.48411,8.455571,5.0,2,$$ - $$$,restaurant
3343833,Bed & Breakfast Gaetzibrunnen,Neerach,Switzerland,47.51064,8.46737,5.0,11,,hotel
3404095,BirdLife-Naturzentrum Neeracherried,Neerach,Switzerland,47.50006,8.477147,4.4,17,,attraction
28085299,Vom Feldhof,Niederglatt,Switzerland,47.491783,8.479198,,0,,restaurant
652676,Roma Domus Hotel,Ponzano Romano,Italy,42.271713,12.547371,2.9,138,$$,hotel
6849005,Piscina Selva Grande,Sant'Oreste,Italy,42.199364,12.547371,4.6,29,,attraction
29015965,La Casetta Cooking Studio,Capena,Italy,42.10827,12.54725,5.0,3,,restaurant
2638566,Match,Rome,Italy,41.972504,12.547118,3.6,278,$$ - $$$,restaurant
10177811,Accademia dei Sapori,Rome,Italy,41.968536,12.547129,2.7,14,$,restaurant
20322923,Semplice Bufalotta,Rome,Italy,41.968018,12.546924,4.3,93,$$ - $$$,restaurant
11330278,Big Pizza,Rome,Italy,41.96675,12.54728,3.9,31,$,restaurant
10059131,The Break,Rome,Italy,41.96709,12.546595,4.3,125,$,restaurant
27300206,Arcadia Disco Pub,Rome,Italy,41.967396,12.546438,,0,,restaurant
2364550,New Green Hill,Rome,Italy,41.964577,12.546227,4.1,278,$$ - $$$,restaurant
10642742,Storoyodden,Fornebu,Norway,59.888264,10.595149,4.6,17,,attraction
8555086,Snaroeya Church,Baerum Municipality,Norway,59.88119,10.61111,4.5,2,,attraction
28061893,Joker Fjellstrand,Fjellstrand,Norway,59.79849,10.615586,,0,,restaurant
14113709,Annas Hybel,Fjellstrand,Norway,59.798237,10.615408,4.7,12,$$ - $$$,restaurant
28064218,Fjellstrand Fisk Og Vilt,Fjellstrand,Norway,59.79577,10.609183,,0,,restaurant
6390813,ProDykk Oslo,Fjellstrand,Norway,59.778988,10.595353,5.0,8,,attraction
28062457,Kiwi Fagerstrand,Fagerstrand,Norway,59.745785,10.608039,,0,,restaurant
12722653,Lune Hjorne,Fagerstrand,Norway,59.74489,10.60776,5.0,1,,restaurant
8665447,Fardal Bakeri Pizzeria,Fornebu,Norway,59.88806,10.6164,4.6,28,$$ - $$$,restaurant
32814083,Lokal Flyt As,Fornebu,Norway,59.892857,10.61789,,0,,attraction
13536879,Tordasi Holiday Village,Tordas,Hungary,47.34564,18.762014,4.5,2,,attraction
7660511,Anna Lak,Szazhalombatta,Hungary,47.336613,18.89685,,0,,hotel
28086753,Kenyer Kanyar,Tordas,Hungary,47.34461,18.75712,,0,,restaurant
15014316,Pizzeria Da Salvi,Val,Hungary,47.36001,18.672894,4.5,2,,restaurant
14959578,Szep Napot Vendeghaz Bed and Breakfast,Tordas,Hungary,47.343674,18.751368,5.0,2,$,hotel
17628829,Szent Peter Vendeghaz,Kajaszo,Hungary,47.32533,18.71213,,0,,hotel
27875244,Beethoven Szobor Emlekpark,Martonvasar,Hungary,47.31601,18.79045,,0,,attraction
8142555,Macska Panzio & Restaurant,Martonvasar,Hungary,47.31592,18.7907,4.2,22,$$ - $$$,restaurant
20483367,Ludwig Hotel,Martonvasar,Hungary,47.316715,18.786625,,0,$$,hotel
6013656,"Brunszvik - Kastelypark, Beethoven Emlekmuzeum",Martonvasar,Hungary,47.315773,18.785679,4.2,51,,attraction
27198664,La Casa Del Caffe,Groslay,France,48.9867,2.343413,,0,,restaurant
27243427,Tout Appetit,Deuil-la-Barre,France,48.976616,2.337617,,0,,restaurant
5873544,Delice Pizza,Groslay,France,48.98711,2.34449,4.5,2,,restaurant
23637505,Restaurant Deli Sushi,Groslay,France,48.985527,2.345568,,0,,restaurant
17706261,Deli Sushi,Groslay,France,48.98553,2.35044,5.0,2,,restaurant
27243424,Le Sancerre Groslay,Groslay,France,48.98859,2.349914,,0,,restaurant
4539290,La Squadra,Groslay,France,48.98588,2.34895,4.2,76,$$ - $$$,restaurant
21335457,Fontaine Aux Cochons,Saint Brice Sous Foret,France,49.00427,2.343654,4.0,1,,attraction
21272327,Nouveau Wok 95,Saint Brice Sous Foret,France,49.007843,2.34873,4.1,42,$$ - $$$,restaurant
23524945,הסעות בפריז,Paris,France,48.99533,2.34917,5.0,1,,attraction
17578816,Rak-khun Thai Massage,Zurich,Switzerland,47.41646,8.51185,5.0,8,,attraction
19917899,Goldschmied Simon Binder,Zurich,Switzerland,47.41706,8.51158,,0,,attraction
4150602,Restaurant Busi,Zurich,Switzerland,47.42703,8.510224,4.3,12,$$ - $$$,restaurant
13400020,Etynic One Thai Massage Spa,Zurich,Switzerland,47.41665,8.51144,,0,,attraction
28083810,Restaurant Frieden,Zurich,Switzerland,47.415787,8.513107,,0,,restaurant
10106914,Restaurant Kathy,Zurich,Switzerland,47.41538,8.5121,5.0,4,$,restaurant
28083808,La Piuranita Ag,Zurich,Switzerland,47.41515,8.51574,,0,,restaurant
28084447,Restaurant Bellavista Ethz,Zurich,Switzerland,47.410423,8.509494,,0,,restaurant
10806482,Restaurant Bellavista,Zurich,Switzerland,47.410435,8.509463,4.5,15,$$ - $$$,restaurant
23177535,Tlili,Zurich,Switzerland,47.41276,8.50943,,0,,hotel
26559225,O Bocaneiro,Quinta Do Conde,Portugal,38.55197,-9.043364,4.8,13,$$ - $$$,restaurant
4460944,Sabores da Quinta,Quinta Do Conde,Portugal,38.552757,-9.041173,3.9,216,$$ - $$$,restaurant
16659625,"Pizza Lovers, Lda",Azeitao,Portugal,38.54503,-9.03277,4.2,97,$$ - $$$,restaurant
7649236,Restaurante Vale das Sobreiras,Setubal,Portugal,38.543266,-9.032615,4.1,35,$$ - $$$,restaurant
27225193,Brasa Alta,Sesimbra,Portugal,38.553093,-9.038655,,0,,restaurant
27225730,Frango Da Quinta,Sesimbra,Portugal,38.5548,-9.043132,,0,,restaurant
27809929,Pastelaria Guadiana,Sesimbra,Portugal,38.554127,-9.040934,,0,,restaurant
20062957,Churrasqueira Bico Amarelo,Quinta Do Conde,Portugal,38.554867,-9.043347,4.7,3,,restaurant
27810411,Pastelaria Doce Amargo,Sesimbra,Portugal,38.553658,-9.048233,,0,,restaurant
27809672,Pizza Lovers Portugal,Setubal,Portugal,38.54531,-9.03093,,0,,restaurant
4401383,Sushistugan,Haninge,Sweden,59.20424,18.197905,4.0,22,$$ - $$$,restaurant
23848582,Glod Vildmarkskok,Stockholm,Sweden,59.2004,18.196405,5.0,2,,attraction
27994277,Lidkopings Pizzeria,Lidkoping,Sweden,59.19096,18.190533,,0,,restaurant
5958783,Vendelso Pizzabutik,Haninge,Sweden,59.19264,18.18603,2.6,5,,restaurant
5972561,Vendelso Kok & Bar,Haninge,Sweden,59.18506,18.1814,3.3,44,$$ - $$$,restaurant
7132980,Arsta Slott,Haninge,Sweden,59.10745,18.19435,3.7,15,,attraction
7148104,Horsfjardens Vandrarhem i Haninge,Haninge,Sweden,59.09791,18.19716,4.7,3,,hotel
13196950,Mias Pizza & Kok,Handen,Sweden,59.180485,18.181026,4.2,13,,restaurant
8264499,Pizzeria La Carda,Haninge,Sweden,59.17972,18.180416,3.3,6,$$ - $$$,restaurant
27916536,Tribowl Sthlm,Stockholm,Sweden,59.176884,18.176214,5.0,4,,restaurant
26358289,Kyrkbacken Hamn,Sankt Ibb,Sweden,55.910294,12.672715,4.0,1,,attraction
8455158,Church of Saint Ibb,Landskrona Municipality,Sweden,55.90957,12.6749,4.4,33,,attraction
2613025,Island of Ven,Landskrona,Sweden,55.91043,12.676108,4.7,237,,attraction
6584547,Prastasvangens Konferenspensionat & Spa,Sankt Ibb,Sweden,55.91437,12.68691,4.1,9,,hotel
23218985,Vaffelmakeri,Sankt Ibb,Sweden,55.91067,12.67692,4.9,16,$,restaurant
27525538,Libitum Social Dining M/s Tycho Brahe,Helsingoer,Denmark,56.033096,12.616192,4.6,7,,restaurant
24160154,Hamlet And Ophelia,Helsingoer,Denmark,56.033676,12.615092,3.5,2,,attraction
26346731,Helsingor Station,Helsingoer,Denmark,56.03355,12.614495,3.3,3,,attraction
15426368,Strejf,Helsingoer,Denmark,56.033337,12.614492,4.4,93,$$ - $$$,restaurant
24177125,Zilleri,Helsingoer,Denmark,56.03344,12.6135,4.2,19,$$ - $$$,restaurant
32890369,Porcino Harrachov,Harrachov,Czech Republic,50.03979,14.666391,,0,,restaurant
15801209,Penzion Rokytka,Prague,Czech Republic,50.03796,14.63618,,0,,hotel
28058071,Pizza Momento,Prague,Czech Republic,50.03331,14.5966,,0,,restaurant
15811666,SmartGuide,Prague,Czech Republic,50.03532,14.59253,4.9,7,,attraction
18313820,SmartGuide,Prague,Czech Republic,50.03503,14.59242,,0,,attraction
12624523,Ha Long Restaurant,Prague,Czech Republic,50.032887,14.59671,4.4,25,$$ - $$$,restaurant
7235296,Prague Foodies,Prague,Czech Republic,50.03186,14.59986,4.9,202,,attraction
6639061,Hotel U Karla,Prague,Czech Republic,50.03195,14.59796,4.5,12,$,hotel
28057891,Ll Market,Prague,Czech Republic,50.039513,14.592277,,0,,restaurant
23299223,Internacional,Prague,Czech Republic,50.037327,14.563508,5.0,1,,hotel
15000661,Szent Laszlo Gimnazium,Budapest,Hungary,47.48877,19.13504,4.0,1,,attraction
17679312,Bunker Shooting,Budapest,Hungary,47.488686,19.092598,4.9,56,,attraction
23199888,Attila Apartmans,Budapest,Hungary,47.48871,19.089947,,0,,hotel
23199908,Attila Apartment,Budapest,Hungary,47.488667,19.089666,,0,,hotel
28089214,Orsolya Market Kft,Budapest,Hungary,47.48856,19.09581,,0,,restaurant
10202953,M+D Hotel,Budapest,Hungary,47.48844,19.09702,1.6,9,$,hotel
16881470,Perfect European Tours - Budapest,Budapest,Hungary,47.48848,19.09232,4.9,549,,attraction
27461138,Turbina Bisztro,Budapest,Hungary,47.48878,19.073359,,0,,restaurant
27461067,Turbina Bistro,Budapest,Hungary,47.48878,19.073359,,0,,restaurant
4093043,ParaPark,Budapest,Hungary,47.48886,19.07334,4.6,39,,attraction
5496914,Can Costa,Olesa de Bonesvalls,Spain,41.35,1.846111,4.0,44,$$ - $$$,restaurant
27898180,Forn De Pa La Penya,Olesa de Bonesvalls,Spain,41.352337,1.850687,,0,,restaurant
32890218,Anda Sports Camps,Torrelles de Llobregat,Spain,41.35312,1.978743,,0,,attraction
25909042,La Miranda,Sant Boi de Llobregat,Spain,41.3529,2.020993,,0,,attraction
27878135,Diversus Sports - Accura,Sant Boi de Llobregat,Spain,41.35469,2.021141,3.0,3,$$ - $$$,restaurant
24982424,Parque De Marianao,Sant Boi de Llobregat,Spain,41.352512,2.022134,,0,,attraction
32767274,Vanessa,Sant Boi de Llobregat,Spain,41.34883,2.026073,,0,,restaurant
23339725,Domino's Pizza Sant Boi,Sant Boi de Llobregat,Spain,41.35412,2.026754,1.0,1,,restaurant
15565878,Horta-Guinardo,Barcelona,Spain,41.352283,2.026837,,0,,
8606419,Coquus Restaurant,Sant Boi de Llobregat,Spain,41.353573,2.027185,4.4,111,$$ - $$$,restaurant
32890369,Porcino Harrachov,Harrachov,Czech Republic,50.03979,14.666391,,0,,restaurant
15801209,Penzion Rokytka,Prague,Czech Republic,50.03796,14.63618,,0,,hotel
15811666,SmartGuide,Prague,Czech Republic,50.03532,14.59253,4.9,7,,attraction
28057891,Ll Market,Prague,Czech Republic,50.039513,14.592277,,0,,restaurant
18313820,SmartGuide,Prague,Czech Republic,50.03503,14.59242,,0,,attraction
28058071,Pizza Momento,Prague,Czech Republic,50.03331,14.5966,,0,,restaurant
7235296,Prague Foodies,Prague,Czech Republic,50.03186,14.59986,4.9,202,,attraction
6639061,Hotel U Karla,Prague,Czech Republic,50.03195,14.59796,4.5,12,$,hotel
12624523,Ha Long Restaurant,Prague,Czech Republic,50.032887,14.59671,4.4,25,$$ - $$$,restaurant
28057929,Zelenkova Cukrarna,Prague,Czech Republic,50.041016,14.559746,,0,,restaurant
10716101,ZoNa,Moscow,Russia,55.644524,37.590553,5.0,1,,attraction
3194336,Bakinsky Bulvar,Moscow,Russia,55.641956,37.593727,3.4,45,$$ - $$$,restaurant
3768618,Tatarstan,Moscow,Russia,55.64639,37.58862,,0,,restaurant
8074923,Bittsa,Moscow,Russia,55.642254,37.583237,4.0,9,,attraction
3764275,Tavriya,Moscow,Russia,55.64639,37.58862,2.5,2,,restaurant
23394349,Pivnoi restaurant Sudak,Moscow,Russia,55.64967,37.594807,5.0,3,,restaurant
23393700,Sudak Restaurant,Moscow,Russia,55.64967,37.594807,,0,$$ - $$$,restaurant
3764639,Krymskie Kanikuly,Moscow,Russia,55.64645,37.58883,2.3,4,,restaurant
3777130,Uzurpator,Moscow,Russia,55.64645,37.58883,2.0,4,,restaurant
10592662,Zeta LaserLand,Moscow,Russia,55.64747,37.595406,5.0,1,,attraction
20009043,Eglise Saint-Pierre,Boussy-Saint-Antoine,France,48.68893,2.52911,,0,,attraction
5416588,Kenz Hotel Boussy,Boussy-Saint-Antoine,France,48.67841,2.52914,2.2,6,,hotel
27364795,Boucherie Nivernaise,Quincy-sous-Senart,France,48.67573,2.532007,,0,,restaurant
28025137,Pizza Bonici,Boussy-Saint-Antoine,France,48.690475,2.529284,3.0,4,,restaurant
27867447,Le Longchamp,Boussy-Saint-Antoine,France,48.690697,2.528661,,0,,restaurant
28323873,Azen,Boussy-Saint-Antoine,France,48.691853,2.531748,,0,,attraction
27533328,Wokasie,Boussy-Saint-Antoine,France,48.69101,2.5306,3.6,5,,restaurant
16718639,Pep's Bowling,Boussy-Saint-Antoine,France,48.682888,2.534417,2.1,8,,attraction
2210840,Villa Val Senart,Quincy-sous-Senart,France,48.680866,2.534966,2.7,49,$,hotel
25600630,Domitys La Serpentine,Quincy-sous-Senart,France,48.67925,2.53809,,0,$,hotel
21336299,The Village Cafe,Mytishchinsky District,Russia,55.957817,37.573486,,0,$,restaurant
26712622,Pizza 44,Gribki,Russia,55.957554,37.57362,,0,,restaurant
7907276,Moswake,Moscow,Russia,55.981735,37.566128,3.3,10,,attraction
12388548,Argo Restaurant,Troitskoye,Russia,55.98481,37.564102,4.0,1,$$ - $$$,restaurant
15207848,Argo,Troitskoye,Russia,55.98482,37.564636,1.0,2,$$ - $$$,restaurant
24004310,Sunset Beach Moscow,Iksha,Russia,56.127396,37.5701,,0,,attraction
21375612,Sanatoriy Marfinskiy Minoborony Rossii,Marfino,Russia,56.080772,37.56344,,0,,hotel
15334115,Guest House on Geologov,Mytishchi,Russia,56.00912,37.563023,,0,,hotel
7055608,Health Resort Marfinskiy,Marfino,Russia,56.079815,37.562893,3.9,31,,attraction
3769600,Mayak,Novoaleksandrovo,Russia,55.98244,37.56076,5.0,1,,restaurant
15516257,Mahara Beach Camp,Charneca,Portugal,38.62997,-9.20667,3.7,3,,hotel
24001809,Villa Paraiso Da Caparica,Charneca da Caparica,Portugal,38.62964,-9.206605,4.8,8,$,hotel
26100951,Mata Beach,Charneca da Caparica,Portugal,38.63062,-9.20483,,0,$,hotel
32902380,Primeiro Pecado,Almada,Portugal,38.63581,-9.202872,,0,,restaurant
29011039,Autocaravanas da Paty,Costa da Caparica,Portugal,38.641117,-9.20727,,0,,attraction
15064920,Praia da Morena,Costa da Caparica,Portugal,38.63619,-9.2063,4.8,12,,attraction
12936842,Pousada HL,Costa da Caparica,Portugal,38.63998,-9.20879,5.0,1,,hotel
16665007,Pousada HL,Caparica,Portugal,38.64135,-9.20959,,0,,hotel
32902379,Primeiro Pecado,Charneca da Caparica,Portugal,38.63764,-9.202668,,0,,restaurant
12624356,Primeiro Pecado,Charneca da Caparica,Portugal,38.63502,-9.202584,4.5,15,$$ - $$$,restaurant
3327527,Terre d'Armor,Orsay,France,48.696667,2.189722,4.3,237,$$ - $$$,restaurant
20877499,Sixt,Villebon-sur-Yvette,France,48.68871,2.2057,,0,,
10729178,Trattoria Belinda,Orsay,France,48.696613,2.189386,4.5,141,$,restaurant
27362237,Dolce Pizza,Orsay,France,48.696644,2.185175,5.0,2,,restaurant
27516012,Chez Maurice,Besancon,France,48.69669,2.185055,,0,,restaurant
4371326,Le Palais D'orsay,Orsay,France,48.696896,2.188588,2.6,48,$$ - $$$,restaurant
14970449,Bud's Deli,Orsay,France,48.696884,2.185316,4.9,20,$,restaurant
19341022,Pizza Cesar,Orsay,France,48.697037,2.185293,4.0,28,$$ - $$$,restaurant
27252710,La Pause Gourmande,Orsay,France,48.696716,2.185168,,0,,restaurant
27208958,Papa Sandwichs,Villebon-sur-Yvette,France,48.68767,2.20592,5.0,1,,restaurant
2210617,People Business Novinsky Hotel,Moscow,Russia,55.75346,37.58195,4.0,114,,hotel
18313390,Marakand,Moscow,Russia,55.75345,37.58196,5.0,6,$,restaurant
23981340,House of Obolenskiye,Moscow,Russia,55.754124,37.5822,4.5,2,,attraction
23842422,Kvart-Hotel Smolenskaya,Moscow,Russia,55.75345,37.58207,,0,,hotel
11977912,Finance House of the Prince Shherbatov,Moscow,Russia,55.75345,37.58196,4.8,4,,attraction
5074529,Teremok Blinnye,Moscow,Russia,55.75322,37.58073,4.2,33,$,restaurant
32981213,Kapibar Bar,Moscow,Russia,55.752934,37.58234,5.0,10,$$ - $$$,restaurant
24868281,Zvezdy Arbata Hotel and Apartments,Moscow,Russia,55.75338,37.5807,3.6,17,,hotel
11872657,Yoko,Moscow,Russia,55.753036,37.580563,3.6,30,$$$$,restaurant
32985579,Bar Kapibar,Moscow,Russia,55.752922,37.582348,,0,,restaurant
28061329,Mo's Bistro,Roztoky,Czech Republic,50.1637,14.3896,,0,,restaurant
2261000,Penzion U Novaku,Roztoky,Czech Republic,50.16093,14.3886,1.0,1,,hotel
7123538,Restaurace Na Vrskach,Roztoky,Czech Republic,50.16054,14.38828,,0,,restaurant
5508696,Motorest pod Ripem,Postrizin,Czech Republic,50.23276,14.38792,3.9,12,,restaurant
18996590,Baba ruins,Prague,Czech Republic,50.11834,14.38958,4.0,1,,attraction
620816,Patanka,Prague,Czech Republic,50.1138,14.389164,3.9,18,$,hotel
15618448,Ambassador Apartments,Prague,Czech Republic,50.11198,14.39038,,0,,hotel
7113419,Experience Prague,Prague,Czech Republic,50.10762,14.38855,5.0,2,,attraction
7269915,Juliska,Prague,Czech Republic,50.1117,14.38755,4.4,14,,attraction
2262702,Na Fare,Prague,Czech Republic,50.12295,14.39084,5.0,2,,restaurant
28006706,Omilkoch,Ludwigsfelde,Germany,52.311714,13.257104,4.0,1,,restaurant
25565918,Villa Toscana II,Berlin,Germany,52.309376,13.259248,4.0,2,,restaurant
17820969,Restaurant S'Mahl,Grossbeeren,Germany,52.34782,13.270071,5.0,1,$,restaurant
28302067,Waldstadion Ludwigsfelde,Ludwigsfelde,Germany,52.30809,13.260359,,0,,attraction
6962694,DESI Indian Restaurant,Ludwigsfelde,Germany,52.305904,13.258304,4.6,38,$$ - $$$,restaurant
2422768,Kristall Wohlfuhltherme Ludwigsfelde,Ludwigsfelde,Germany,52.305767,13.261164,3.7,227,,attraction
10746778,Anne's Cafe,Ludwigsfelde,Germany,52.30533,13.25823,4.1,9,$$ - $$$,restaurant
2630704,Hotel Ambassador,Ludwigsfelde,Germany,52.304916,13.252874,3.5,19,,hotel
27291937,Backerei Dreissig,Ludwigsfelde,Germany,52.305767,13.25232,,0,,restaurant
19419587,WORLD OF PIZZA,Ludwigsfelde,Germany,52.309067,13.247113,,0,,restaurant
9990090,Zila Restaurant,Budapest,Hungary,47.480385,19.13466,4.2,37,$$ - $$$,restaurant
12827650,Ohegy Park,Budapest,Hungary,47.4797,19.14429,4.6,5,,attraction
3451017,Park Hostel,Budapest,Hungary,47.47934,19.13454,,0,,hotel
285467,Nap Hotel,Budapest,Hungary,47.477825,19.13205,2.4,70,$,hotel
8714281,TaxiCab Hungary Ltd,Budapest,Hungary,47.48115,19.150393,3.6,183,,attraction
3913894,Csosztorony Bisztro,Budapest,Hungary,47.482952,19.145369,3.9,15,,restaurant
13205669,Katasztrofavedelem Central Museum,Budapest,Hungary,47.48134,19.134312,,0,,attraction
17154656,Tuzolto - Fire Department Museum,Budapest,Hungary,47.48143,19.13408,5.0,1,,attraction
7351182,Torocko Vendeglo,Budapest,Hungary,47.48115,19.133095,4.6,68,$$ - $$$,restaurant
20941214,Budapest Escape,Budapest,Hungary,47.476345,19.15233,5.0,17,,attraction
5971735,Ristorante Pizzeria Ciao,Las Rozas,Spain,40.490124,-3.871564,4.1,107,$$ - $$$,restaurant
26773375,River Manzanares,Madrid,Spain,40.487648,-3.755448,5.0,2,,attraction
5811096,Singapur,Madrid,Spain,40.48911,-3.72461,3.2,27,$,restaurant
3814963,Club de Tiro de Madrid,El Pardo,Spain,40.488903,-3.743511,3.4,48,$$ - $$$,restaurant
27198218,Arepizza,Las Rozas,Spain,40.49022,-3.870994,,0,,restaurant
9976493,Twinpizza,Las Rozas,Spain,40.49128,-3.86851,4.0,19,$,restaurant
15666724,Sabores Food And Bar,Las Rozas,Spain,40.49024,-3.86942,3.5,2,,restaurant
21341272,Comer Bien En Casa,Las Rozas,Spain,40.4906,-3.870233,,0,,restaurant
23260200,Ermita Nuestra Senora Del Retamar,Las Rozas,Spain,40.4906,-3.870233,3.0,1,,attraction
17456307,Vintage City Tours,Madrid,Spain,40.48821,-3.72393,4.7,50,,attraction
28016857,China Market,Budapest,Hungary,47.470222,19.09094,3.0,1,,attraction
13625897,Feher Nyul Brewery,Budapest,Hungary,47.459644,19.084997,5.0,3,,attraction
28086045,Aldi Magyarorszag,Budapest,Hungary,47.47083,19.084839,4.0,1,,restaurant
9727840,PANiQ-ROOM - Lurdy-haz,Budapest,Hungary,47.47063,19.084345,5.0,1,,attraction
28051672,Bulgarden Restaurant,Budapest,Hungary,47.475365,19.085464,,0,,restaurant
696114,Taiwan Restaurant,Budapest,Hungary,47.47668,19.091206,4.1,157,$$ - $$$,restaurant
284502,Hotel Fortuna,Budapest,Hungary,47.476364,19.091349,2.5,198,,hotel
27492737,Taiwan Restaurant,Budapest,Hungary,47.476906,19.090832,5.0,1,,restaurant
10202669,McDonald's,Budapest,Hungary,47.47722,19.0907,3.8,4,,restaurant
483270,Rila Hotel,Budapest,Hungary,47.47556,19.08514,2.8,109,,hotel
6678526,Restaurant Laura,Copenhagen,Denmark,55.77464,12.57555,2.8,57,$$ - $$$,restaurant
7605804,Sushilovers,Ordrup,Denmark,55.762363,12.575985,4.5,19,$$ - $$$,restaurant
12419486,Ordrup Kirke,Ordrup,Denmark,55.7595,12.5754,4.0,1,,attraction
243545,Park Lane Copenhagen,Hellerup,Denmark,55.73756,12.575036,4.9,14,$$$,hotel
25325744,Parsley Salon,Hellerup,Denmark,55.737556,12.57488,5.0,33,$$$$,restaurant
21310940,Rose Rose Bistro - Hellerup,Hellerup,Denmark,55.737507,12.575345,4.1,23,$$ - $$$,restaurant
29444287,Yves At Park Lane,Hellerup,Denmark,55.73737,12.575312,3.9,7,,restaurant
23768968,Gasoline Grill,Hellerup,Denmark,55.737076,12.57514,2.4,7,,restaurant
875438,Sticks'n'Sushi - Hellerup,Hellerup,Denmark,55.736664,12.574831,4.2,125,$$ - $$$,restaurant
14097985,Holy Cow,Charlottenlund,Denmark,55.7617,12.574592,4.1,22,$$ - $$$,restaurant
18941127,MSK Lounge na Yaroslavskom shosse,Moscow,Russia,55.85073,37.67904,,0,$$ - $$$,restaurant
6494164,The Church of St. Tikhon,Moscow,Russia,55.80062,37.68529,4.6,17,,attraction
17815029,MSK,Moscow,Russia,55.85073,37.67904,,0,,attraction
3766548,Niyama,Moscow,Russia,55.85078,37.67877,3.7,28,$$ - $$$,restaurant
18218673,Husky Park Sokolniki,Moscow,Russia,55.8148,37.67881,4.7,27,,attraction
11804959,Coffee and the City,Moscow,Russia,55.79586,37.67819,,0,$,restaurant
26772148,Malinovka,Moscow,Russia,55.79495,37.678883,,0,,restaurant
22995399,Honey Cafe-Bar,Moscow,Russia,55.79495,37.678883,,0,$$ - $$$,restaurant
3756568,Sokolinaya Okhota,Moscow,Russia,55.79554,37.67825,3.7,34,$$ - $$$,restaurant
11638871,Crafted Grill Bar,Moscow,Russia,55.795563,37.67824,4.2,97,$$ - $$$,restaurant
12119236,Baliayu Massage Salon,Budapest,Hungary,47.41471,19.203188,4.3,3,,attraction
12339825,Polaroid Walk Budapest,Budapest,Hungary,47.40626,19.19916,5.0,1,,attraction
1455579,Kicike Panzio,Budapest,Hungary,47.41488,19.19253,,0,,hotel
28086377,Bara Hus Pecsenye,Budapest,Hungary,47.404606,19.187803,,0,,restaurant
11805155,Nemes Restaurant,Budapest,Hungary,47.404446,19.186666,4.2,14,$$ - $$$,restaurant
12443044,Picur Patisserie,Budapest,Hungary,47.404118,19.186373,4.4,5,$$ - $$$,restaurant
28086005,Doner Kebab Express,Budapest,Hungary,47.403683,19.18591,,0,,restaurant
28085541,La Martin Csemege,Budapest,Hungary,47.40347,19.186157,,0,,restaurant
8465348,Joe Bacsi Etterem,Budapest,Hungary,47.403988,19.185892,3.5,81,$$ - $$$,restaurant
19117270,Intsol Ltd,Budapest,Hungary,47.39893,19.18243,4.4,10,,attraction
27960724,The Rice Indian Takeaway,St. Albans,United Kingdom,51.73828,-0.25523,5.0,1,,restaurant
10026070,HJ's Cakes,St. Albans,United Kingdom,51.738228,-0.254402,4.0,8,,restaurant
10281603,The Blackhorse Pub and Restaurent,South Mimms,United Kingdom,51.704453,-0.246927,4.8,87,$$ - $$$,restaurant
27868610,The Black Horse,Potters Bar,United Kingdom,51.699444,-0.234926,5.0,1,,restaurant
32828962,Minicabs Cuffley,Potters Bar,United Kingdom,51.696236,-0.231792,,0,,attraction
2239478,The Old Guinea,Potters Bar,United Kingdom,51.68912,-0.243798,3.9,482,$$ - $$$,restaurant
8117411,Thyme,South Mimms,United Kingdom,51.691055,-0.224874,3.7,33,$$ - $$$,restaurant
1214336,Premier Inn South Mimms/Potters Bar Hotel,South Mimms,United Kingdom,51.690483,-0.223978,3.9,1765,$,hotel
8825355,Tossed,South Mimms,United Kingdom,51.68782,-0.22389,3.0,26,$$ - $$$,restaurant
4037940,"The Woodman Inn, Bar & Restaurant",Hatfield,United Kingdom,51.723206,-0.221833,3.7,134,$$ - $$$,restaurant
1496844,Fjaderholmarnas Krog,Stockholm,Sweden,59.32917,18.17787,3.9,405,$$$$,restaurant
10361441,Skargardskompaniet,Stockholm,Sweden,59.327694,18.176435,2.2,5,$$ - $$$,restaurant
6979624,Fjaderholmarna,Stockholm,Sweden,59.3291,18.175686,4.3,194,,attraction
6726543,Roda Villan,Stockholm,Sweden,59.328297,18.172808,4.1,70,$$ - $$$,restaurant
12832470,Systrarna Degens Glass Stuga,Stockholm,Sweden,59.329247,18.176815,3.3,4,,restaurant
6999227,Restaurang Roekeriet,Stockholm,Sweden,59.329628,18.176271,3.8,32,$$ - $$$,restaurant
1069698,Rokeriet,Stockholm,Sweden,59.329357,18.175974,3.8,168,$$ - $$$,restaurant
7690605,Fjaderholmarnas Bryggeri,Stockholm,Sweden,59.32926,18.17535,3.7,55,$$ - $$$,restaurant
12063495,Sushi House Kai,Lidingo,Sweden,59.34474,18.17146,3.8,5,,restaurant
10746447,Zias Pizzeria,Lidingo,Sweden,59.34337,18.17365,3.6,7,,restaurant
284477,Church of St. James,Prague,Czech Republic,50.16508,14.60896,4.4,244,,attraction
11809407,Castle Ruins in Jenstejn,Jenstejn,Czech Republic,50.15353,14.61105,4.8,4,,attraction
13370632,Temelin Nuclear Power Plant Information Center,Temelin,Czech Republic,50.15266,14.61181,5.0,1,,attraction
11929191,Ala Basta,Jenstejn,Czech Republic,50.1523,14.61438,4.4,25,$$ - $$$,restaurant
28073256,Na Marjance,Brandys nad Labem-Stara Boleslav,Czech Republic,50.22298,14.58387,,0,,restaurant
28073859,Kosta Pizza,Brandys nad Labem-Stara Boleslav,Czech Republic,50.22923,14.58846,,0,,restaurant
28072560,Fair & Bio Prazirna,Brandys nad Labem-Stara Boleslav,Czech Republic,50.22574,14.586458,,0,,restaurant
28074058,Prazirna Mohaji,Brandys nad Labem-Stara Boleslav,Czech Republic,50.225746,14.585976,,0,,restaurant
28074249,Bar Mystery,Brandys nad Labem-Stara Boleslav,Czech Republic,50.22711,14.58432,,0,,restaurant
28073437,U Vahy,Brandys nad Labem-Stara Boleslav,Czech Republic,50.22701,14.58411,,0,,restaurant
26989099,Gontran Cherrier,Tremblay-En-France,France,48.982983,2.547298,4.0,1,,restaurant
15234741,Circuit Carole,Tremblay-En-France,France,48.97722,2.54337,4.0,2,,attraction
6664449,ALLO PIZZA,Villepinte,France,48.96638,2.54336,4.1,7,$,restaurant
27729034,Taxi Izi,Pontault Combault,France,48.976135,2.542152,,0,,attraction
3166979,Au Wok Palace,Villepinte,France,48.966663,2.542767,3.3,74,$,restaurant
23792258,Chapelle de l'Hopital Sainte-Marie,Villepinte,France,48.96375,2.53635,,0,,attraction
23792255,Eglise Notre-Dame de l'Assomption,Villepinte,France,48.963684,2.535029,,0,,attraction
21135017,Eglise Saint-medard,Tremblay-En-France,France,48.9833,2.55,,0,,attraction
12221107,Auberge du Chateau Bleu,Tremblay-En-France,France,48.9829,2.55156,5.0,2,$$$,hotel
3958343,L'Auberge du Chateau Bleu,Tremblay-En-France,France,48.98249,2.551539,3.8,81,$$ - $$$,restaurant
27907220,Harry Jauert,Ahrensfelde,Germany,52.575146,13.574621,,0,,restaurant
21269486,Call a Pizza,Ahrensfelde,Germany,52.574657,13.574034,,0,,restaurant
1191760,Hotel Berliner Tor,Ahrensfelde,Germany,52.59615,13.59287,3.1,11,$,hotel
25247798,Gut Leben Landresort,Bernau,Germany,52.626,13.57556,4.5,2,$$,hotel
20988206,Quadstation Brandenburg,Ahrensfelde,Germany,52.6014,13.56034,,0,,attraction
13184035,Buona Fortuna,Panketal,Germany,52.643047,13.558676,3.9,10,$$ - $$$,restaurant
28232981,Villa Dada,Ahrensfelde,Germany,52.599846,13.556733,,0,$,hotel
6414875,Ristorante Don Giovanni,Panketal,Germany,52.63603,13.55611,4.1,14,$$ - $$$,restaurant
12240389,Akropolis,Panketal,Germany,52.627403,13.54415,3.5,18,$$ - $$$,restaurant
5820786,Die Sattmacher,Berlin,Germany,52.569084,13.569143,4.0,3,$,restaurant
7102596,SkylineVilla,Amora,Portugal,38.57759,-9.11877,4.6,8,$,hotel
27705254,Authentic Tours and Travels,Sesimbra,Portugal,38.49486,-9.12011,,0,,attraction
27703114,Authentic Tours & Travels,Sesimbra,Portugal,38.49486,-9.12011,,0,,attraction
27195102,Mestre Dos Petiscos - Cafe E Cervejaria,Seixal,Portugal,38.619312,-9.119153,,0,,restaurant
27195193,A Capuchinha,Seixal,Portugal,38.626053,-9.119491,,0,,restaurant
23145393,Restaurante Sabores da Avenida,Amora,Portugal,38.62086,-9.118842,4.6,5,,restaurant
23523408,A Galeguinha,Amora,Portugal,38.62417,-9.117819,,0,,restaurant
7259843,Restaurante Homerus,Seixal,Portugal,38.62205,-9.11735,4.1,32,$,restaurant
8635100,Restaurante Boa Esperanca,Amora,Portugal,38.625523,-9.114935,4.4,5,$,restaurant
3893410,Vertente Natural,Sesimbra,Portugal,38.467705,-9.114555,4.9,535,,attraction
27210675,Bar Restaurante La Veleta,San Martin de la Vega,Spain,40.231873,-3.631437,,0,,restaurant
27741599,El Rincon Del Duero,San Martin de la Vega,Spain,40.22835,-3.636893,,0,,restaurant
27741621,La Ramona,San Martin de la Vega,Spain,40.229877,-3.640143,,0,,restaurant
8708427,Restaurante la Cazuela,San Martin de la Vega,Spain,40.230183,-3.640728,3.9,17,$,restaurant
11894716,Valdebol Game Bowling,Valdemoro,Spain,40.20816,-3.68389,3.8,23,,attraction
27901178,Restaurante Victoria,Valdemoro,Spain,40.206535,-3.675158,,0,,restaurant
27332007,Much More Market S L,Valdemoro,Spain,40.20135,-3.67344,,0,,restaurant
15794992,El Segoviano,Valdemoro,Spain,40.20333,-3.67602,4.6,10,$$ - $$$,restaurant
17346365,Ermita del Cristo de la Salud,Valdemoro,Spain,40.19914,-3.68027,5.0,3,,attraction
14456050,Restaurante La Bahia de Santander,San Martin de la Vega,Spain,40.222973,-3.608871,4.0,9,$$ - $$$,restaurant
1106101,Tasca Mourisca,Sintra,Portugal,38.846355,-9.333706,4.1,15,,restaurant
17560419,Fraga da Pena,Algueirao - Mem Martins,Portugal,38.809105,-9.331311,4.2,36,$$ - $$$,restaurant
27802101,Restaurante O Pinto,Sintra,Portugal,38.806473,-9.329443,,0,,restaurant
27802503,Cafe Teresa,Sintra,Portugal,38.804726,-9.329232,,0,,restaurant
23800930,Moments Lounge Cafe,Algueirao - Mem Martins,Portugal,38.79907,-9.332823,,0,,restaurant
27810151,Pimpao,Sintra,Portugal,38.797337,-9.332888,,0,,restaurant
18557674,Lamosa Pool Club,Algueirao - Mem Martins,Portugal,38.79777,-9.33324,,0,,restaurant
27810325,O Rosado,Sintra,Portugal,38.797836,-9.333332,,0,,restaurant
13207133,Restaurante Casa Conselho Almeida,Algueirao - Mem Martins,Portugal,38.797905,-9.328794,,0,$$ - $$$,restaurant
27207390,"Bento, Rodrigues & Filhos, Lda",Sintra,Portugal,38.848995,-9.326267,,0,,restaurant
27172570,ISOT Kolgrill & Meze,Farsta,Sweden,59.242485,18.089682,2.5,2,$,restaurant
32849411,Subway,Farsta,Sweden,59.242443,18.089884,,0,,restaurant
10729238,Itamae Sushi Bar,Stockholm,Sweden,59.2421,18.09004,3.5,16,$$ - $$$,restaurant
10241535,Antonio's,Farsta,Sweden,59.24203,18.09069,3.5,32,$$ - $$$,restaurant
27161193,Farsta,Farsta,Sweden,59.242485,18.089682,,0,,restaurant
27182900,Pinchos Farsta,Stockholm,Sweden,59.24311,18.089,3.0,4,,restaurant
20124160,Taco Bar Farsta,Farsta,Sweden,59.24249,18.089682,2.0,4,$$ - $$$,restaurant
20053332,Le Croissant,Farsta,Sweden,59.24311,18.091066,,0,,restaurant
26831875,Nutello House farsta,Farsta,Sweden,59.242752,18.090878,2.3,4,,restaurant
16807031,Kina Hornet,Stockholm,Sweden,59.24204,18.09118,3.5,4,,restaurant
28373835,Au-dela Des Mains,Marly-la-Ville,France,49.058537,2.492658,,0,,attraction
20932455,Eglise Saint-etienne Et Saint-vit,Fosses,France,49.09555,2.48861,,0,,attraction
19863006,L'Oree du Bois,Orry-la-Ville,France,49.135155,2.493287,,0,,hotel
27373748,Pizzavegas,Goussainville,France,49.03057,2.47548,,0,,restaurant
27252471,Cafe Des Amis,Goussainville,France,49.030563,2.475284,,0,,restaurant
28347841,Theatre Cinema Sarah Bernhardt,Goussainville,France,49.03224,2.472016,,0,,attraction
25458998,Les Epicuriens,Goussainville,France,49.030468,2.471236,,0,,restaurant
26450948,Okinawa,Goussainville,France,49.032486,2.471593,,0,,restaurant
21092668,Eglise Saint Michel,Goussainville,France,49.03387,2.47475,,0,,attraction
28347951,Le Pharaon,Goussainville,France,49.03366,2.472713,,0,,attraction
1037127,Al Castagno,Berlin,Germany,52.5872,13.225938,4.2,28,$$ - $$$,restaurant
13191369,Konradshohe,Berlin,Germany,52.5852,13.22699,,0,,
27274472,Caffe Trattoria Nisi,Berlin,Germany,52.58562,13.231922,,0,,restaurant
8436219,Strandbad Tegeler See,Berlin,Germany,52.57874,13.24407,3.8,20,,attraction
6986414,Tegeler Seeterrassen,Berlin,Germany,52.58847,13.274703,3.6,29,$$ - $$$,restaurant
27359188,Waldhutte,Berlin,Germany,52.59393,13.263899,,0,,restaurant
25423333,Dicke Marie,Berlin,Germany,52.59245,13.26688,3.0,1,,attraction
28328628,Spielplatz Robinson Crusoe,Berlin,Germany,52.593906,13.268157,,0,,attraction
4776995,Alte Waldschaenke . Wiesenstein,Berlin,Germany,52.597828,13.275081,3.8,33,$$ - $$$,restaurant
28384415,Filmborse Berlin,Berlin,Germany,52.588528,13.274762,,0,,attraction
7123714,U Roubase,Dolni Brezany,Czech Republic,49.96427,14.45112,4.3,11,$$ - $$$,restaurant
15278594,Restaurant Clara Futura,Dolni Brezany,Czech Republic,49.96269,14.457064,4.3,9,$$ - $$$,restaurant
8523367,Olivuv pivovar,Dolni Brezany,Czech Republic,49.962605,14.456286,4.5,81,$$ - $$$,restaurant
8708364,Olivuv Pivovar,Dolni Brezany,Czech Republic,49.962254,14.457058,4.6,14,$$,hotel
3227038,Accommodation Centre Lenot,Prague,Czech Republic,49.91929,14.4533,,0,,hotel
2676591,Ubytovaci Stredisko Lenot,Okrouhlo,Czech Republic,49.91925,14.45353,5.0,1,,hotel
4699806,Campsite Oase Praha,Zlatniky - Hodkovice,Czech Republic,49.93848,14.457463,,0,,hotel
12792952,Ubytovaci Centrum Lenot,Jilove u Prahy,Czech Republic,49.91925,14.45353,,0,,hotel
28066264,Cholupicka Vinoteka,Prague,Czech Republic,49.98887,14.447703,,0,,restaurant
12827433,Hospoda na hristi,Prague,Czech Republic,49.98728,14.44456,4.0,1,,restaurant
12814073,Nawroz,London,United Kingdom,51.586594,-0.101004,4.4,7,,restaurant
6163984,Durazzo Pizzeria,London,United Kingdom,51.586723,-0.100906,4.4,131,$$ - $$$,restaurant
1379424,Grand Palace Hotels,London,United Kingdom,51.586166,-0.100839,3.8,6,$,hotel
27352582,B G Zakuska,London,United Kingdom,51.587265,-0.100806,,0,,restaurant
10287969,Ducketts Common,London,United Kingdom,51.58872,-0.10249,4.5,2,,attraction
23276170,Willoughby Methodist Church,London,United Kingdom,51.58818,-0.103522,,0,,attraction
27253440,Bardhoshi,London,United Kingdom,51.586094,-0.100798,,0,,restaurant
13557855,JOOD lebanese cuisine,London,United Kingdom,51.5871,-0.098,4.3,26,$$ - $$$,restaurant
27156691,Moha Lounge Ethiopian Cuisine,London,United Kingdom,51.58708,-0.097965,,0,,restaurant
7382271,Huggamug,London,United Kingdom,51.58717,-0.09752,4.1,24,,restaurant
17802588,Dorfgasthof Seyring,Seyring,Austria,48.33304,16.48774,3.0,1,,restaurant
4992107,Dungl Apartments,Seyring,Austria,48.33242,16.48895,,0,,hotel
26223297,Dorfgasthaus Seyring,Seyring,Austria,48.333298,16.487013,4.0,2,,restaurant
28062498,Admiral,Gerasdorf bei Wien,Austria,48.342075,16.46664,,0,,restaurant
17383412,world of Asia,Gerasdorf bei Wien,Austria,48.34315,16.46349,2.0,1,,restaurant
28062797,Ollas Wurscht - Wurstelstand,Gerasdorf bei Wien,Austria,48.3454,16.473705,,0,,restaurant
13088295,Segafredo,Gerasdorf bei Wien,Austria,48.34317,16.463926,,0,,restaurant
15211831,Weingut & Heuriger Niki Windisch,Gross-Engersdorf,Austria,48.35623,16.57512,4.3,4,,attraction
20812413,Golfclub Bock Fliess,Bockfliess,Austria,48.3566,16.57797,,0,,attraction
9794962,Lebenszeit,Gross-Engersdorf,Austria,48.356106,16.575388,4.3,30,$$ - $$$,restaurant
1513134,Restaurang Sastaholm,Taby,Sweden,59.482674,18.038322,4.6,97,$$$$,restaurant
240933,Sastaholm Hotell & Konferens,Taby,Sweden,59.482662,18.038332,4.6,412,$$,hotel
11437020,CASA del LAGO,Alvsjo,Sweden,59.456657,18.052946,3.7,40,$$ - $$$,restaurant
23717748,Rosjoskogens Naturreservat,Sollentuna,Sweden,59.444656,17.990507,5.0,1,,attraction
27470956,Dirty Coco,Taby,Sweden,59.44485,18.06837,5.0,1,,restaurant
12321141,McDonald's,Taby,Sweden,59.444656,18.069788,2.0,6,,restaurant
32792387,Taby Asian Market &thai Restaurant,Taby,Sweden,59.445667,18.06986,,0,,restaurant
28081168,Naked Juicebar,Taby,Sweden,59.445297,18.071138,,0,,restaurant
20217059,Kaori Poke Bar,Taby,Sweden,59.445316,18.071896,4.0,2,,restaurant
28079276,Sushi Rebellion,Taby,Sweden,59.445354,18.07244,1.0,2,,restaurant
11742675,Havkatten,Hvidovre,Denmark,55.60995,12.44228,3.1,9,$,restaurant
8602192,Albatrossen & Co.,Hvidovre,Denmark,55.609722,12.443253,4.8,12,$$ - $$$,restaurant
3595552,Bogeskov Lystbaadehavn,Store Heddinge,Denmark,55.35848,12.4176,2.8,8,,attraction
3442898,Traktorstedet Gjorslev Bogeskov,Store Heddinge,Denmark,55.370243,12.410561,4.1,91,$$ - $$$,restaurant
3543413,Stevns Klint Trampesti,Store Heddinge,Denmark,55.37021,12.40598,4.6,42,,attraction
3538146,Holtug Kirke,Store Heddinge,Denmark,55.34513,12.405,4.3,3,,attraction
12850869,Vangeled Gaard B&B,Store Heddinge,Denmark,55.33978,12.4221,4.9,8,$$,hotel
3562261,Holtug Kridtbrud,Store Heddinge,Denmark,55.33888,12.44371,4.3,15,,attraction
28013924,Sigerslevhus Stevns Klint Bed and Breakfast,Store Heddinge,Denmark,55.322044,12.413464,,0,$$,hotel
3220015,Danhostel Store Heddinge,Store Heddinge,Denmark,55.31144,12.39333,4.5,11,$$,hotel
28086764,Tesco,Budakeszi,Hungary,47.499912,18.91585,,0,,restaurant
28087326,Ecofamily,Budakeszi,Hungary,47.499237,18.916637,,0,,restaurant
27740204,Sightseeing Flight Budapest,Budakeszi,Hungary,47.48871,18.91044,,0,,attraction
11747712,Don Pepe,Budaors,Hungary,47.471313,18.900988,4.1,70,$$ - $$$,restaurant
28087331,Bread Bag - A Kenyeres Zsak,Budakeszi,Hungary,47.50426,18.91441,,0,,restaurant
13490853,Lohaton Budakeszin Equestrian School,Budakeszi,Hungary,47.522926,18.898909,,0,,attraction
1123440,Margareta Panzio,Budakeszi,Hungary,47.507812,18.91429,4.2,13,$,hotel
17632570,Cottage Villa Wood,Budakeszi,Hungary,47.51954,18.92088,,0,,hotel
3443759,Pergola Panzio,Budakeszi,Hungary,47.512547,18.926182,,0,,hotel
2108319,Budakeszi Wildlife Park,Budakeszi,Hungary,47.524696,18.927431,4.3,82,,attraction
27143537,Be Casa - Valdebebas,Madrid,Spain,40.49709,-3.608842,1.0,2,$$,hotel
29702327,Hungry Club At Madrid Airport,Madrid,Spain,40.49585,-3.595157,1.3,6,,restaurant
32975809,Aura Restaurante,Madrid,Spain,40.497044,-3.609278,,0,,restaurant
24976238,Domino's Pizza Valdebebas,Madrid,Spain,40.49457,-3.613459,,0,,restaurant
25442391,MAISON UMAMI,Madrid,Spain,40.49424,-3.613203,4.0,13,$$$$,restaurant
23826103,Empanadas Malvon Valdebebas,Madrid,Spain,40.494213,-3.613204,4.9,13,,restaurant
32748435,Brasa & Pisco,Madrid,Spain,40.49355,-3.612857,,0,,restaurant
27789576,Al Fuego - Restaurante De Carnes,Madrid,Spain,40.493202,-3.611764,4.0,10,$$ - $$$,restaurant
28214049,Botanero Azteca Valdebebas,Madrid,Spain,40.493385,-3.613504,5.0,2,$$ - $$$,restaurant
14958471,PALS,Madrid,Spain,40.49317,-3.61365,2.9,22,$$ - $$$,restaurant
17652252,Weinhandwerk,Bisamberg,Austria,48.31185,16.39727,3.6,13,$$ - $$$,restaurant
26364177,Der Weingarten,Vienna,Austria,48.311836,16.397873,,0,,restaurant
28730262,Weinbau Sackl,Vienna,Austria,48.309242,16.400438,,0,,attraction
28730256,Buschenschank Szuts & Weinbau Suchel,Vienna,Austria,48.30739,16.396029,,0,,restaurant
28062696,Buschenschank Dreh & Drink,Vienna,Austria,48.302826,16.390495,,0,,restaurant
7284073,Buschenschank Szuts,Vienna,Austria,48.30716,16.39587,,0,,restaurant
12329089,s'Kellerstockl Buschenschank Weinbau,Vienna,Austria,48.30387,16.39705,4.6,9,$$ - $$$,restaurant
10801075,Gasthaus Stotzek,Vienna,Austria,48.30264,16.3961,4.4,14,$$ - $$$,restaurant
14962494,Buschenschank Jatschka,Stetten,Austria,48.367336,16.384531,4.2,5,,restaurant
1911482,Magdalenenhof,Vienna,Austria,48.31278,16.38452,3.2,30,$$ - $$$,restaurant
8276565,Casa Da Praia,Costa da Caparica,Portugal,38.596428,-9.207331,2.7,34,$$ - $$$,restaurant
9841761,Sup Portugal,Costa da Caparica,Portugal,38.596348,-9.207301,4.0,1,,attraction
28116932,Eco - Surfcamp Inside of Nature,Costa da Caparica,Portugal,38.604744,-9.19836,5.0,1,,hotel
13344395,NZS Surf House & Adventure,Charneca da Caparica,Portugal,38.60889,-9.194631,,0,,attraction
33004454,Nina's Stay Hostel,Charneca da Caparica,Portugal,38.60688,-9.197182,,0,$,hotel
18542639,Praia da Bela Vista,Costa da Caparica,Portugal,38.59617,-9.20754,4.0,4,,attraction
21029618,Fonte da Telha Cliff House,Costa da Caparica,Portugal,38.57819,-9.198039,1.0,1,$,hotel
7745789,WindSpirit Club,Charneca da Caparica,Portugal,38.57806,-9.198031,5.0,21,,attraction
8787016,Katavento,Lisbon,Portugal,38.59555,-9.207138,4.0,5,,attraction
7892383,Waves 4 Life,Costa da Caparica,Portugal,38.595623,-9.207162,5.0,10,,attraction
18843337,Heilingenkreuz,Heiligenkreuz,Austria,48.0559,16.13586,5.0,1,,attraction
12153132,Gasthof Skilitz,Heiligenkreuz,Austria,48.03778,16.17315,4.6,21,$$ - $$$,restaurant
2312903,Heiligenkreuz Abbey,Heiligenkreuz,Austria,48.0559,16.13586,4.6,142,,attraction
4166897,Klostergasthof Heiligenkreuz,Heiligenkreuz,Austria,48.056133,16.130806,3.9,121,$$ - $$$,restaurant
4944298,Pochhacker's Krone,Gaaden,Austria,48.05746,16.211544,4.6,45,$$ - $$$,restaurant
3317118,Naturpark Sparbach,Hinterbruhl,Austria,48.076805,16.186966,4.4,34,,attraction
12322998,Meierei Fullenberg,Heiligenkreuz,Austria,48.06658,16.15298,3.8,14,$$ - $$$,restaurant
6596191,Gastehaus Andrea,Hinterbruhl,Austria,48.07323,16.19041,4.5,2,,hotel
10372286,Gasthaus Zu Den Linden,Gaaden,Austria,48.05787,16.21246,4.1,17,$$ - $$$,restaurant
19816295,Mein Back Eck,Gaaden,Austria,48.057556,16.212069,,0,,restaurant
23183282,Krasny Sukonshhik Factory,Moscow,Russia,55.720592,37.63527,2.5,2,,attraction
23520931,Chick O'Rico,Moscow,Russia,55.721485,37.63582,,0,,restaurant
23185822,Ardalionov City Estate,Moscow,Russia,55.722652,37.638058,3.5,2,,attraction
6819458,Bakinskiy Priboi,Moscow,Russia,55.7218,37.635937,4.4,25,$$ - $$$,restaurant
7603701,Nefritovaya Lisa,Moscow,Russia,55.72055,37.63543,4.0,1,$,hotel
23183283,Michelson Plant Building,Moscow,Russia,55.719894,37.634663,4.0,2,,attraction
13279009,Sneakers Hostel and Coffee Shop,Moscow,Russia,55.719654,37.63495,3.5,21,,hotel
23185826,Dubininskaya Street,Moscow,Russia,55.7205,37.635143,3.5,2,,attraction
15616782,Kompot,Moscow,Russia,55.720287,37.63516,5.0,4,$,restaurant
6111995,Kantina City,Moscow,Russia,55.722076,37.638447,4.2,19,$,restaurant
27392096,Grunlers Backstube,Oranienburg,Germany,52.72622,13.247688,,0,,restaurant
10682220,Kanuverleih,Oranienburg,Germany,52.72515,13.25027,1.0,1,,attraction
18222348,Sixt,Oranienburg,Germany,52.740593,13.250383,,0,,
1347365,Restaurant Delphi,Oranienburg,Germany,52.721233,13.252075,3.7,66,$$ - $$$,restaurant
27904621,"Mias Frozen Yoghurt, Bubble Tea & Bowls",Oranienburg,Germany,52.75522,13.246929,,0,,restaurant
19500927,Bahnhofsplatz und Bahnhofsempfangsgebaude,Oranienburg,Germany,52.7546,13.24837,3.3,3,,attraction
26232455,EisMöller,Oranienburg,Germany,52.75464,13.246721,,0,,restaurant
5513748,China-Restaurant Zhang,Oranienburg,Germany,52.736206,13.241931,3.8,8,$,restaurant
19925445,Diner '96,Oranienburg,Germany,52.735638,13.242459,5.0,2,,restaurant
19810088,Cleopatra II,Oranienburg,Germany,52.73842,13.24066,,0,$$,hotel
11670827,Liget Cafe Bar & Bistro,Veresegyhaz,Hungary,47.65945,19.26773,,0,$,restaurant
25208633,Veres Motel,Veresegyhaz,Hungary,47.657494,19.26816,5.0,2,$,hotel
8406858,Nemzeti Botanikus Kert,Vacratot,Hungary,47.70902,19.2358,4.6,48,,attraction
28138035,Hotel Golden Palace,God,Hungary,47.69687,19.147993,,0,$$,hotel
10359687,Rider's Club Hotel,God,Hungary,47.68497,19.16588,5.0,1,,hotel
23278424,Marika Konyhaja Etterem,Veresegyhaz,Hungary,47.65685,19.265633,5.0,8,$,restaurant
26308435,Barka Farm - Dunakeszi,Dunakeszi,Hungary,47.646236,19.166948,4.0,1,,attraction
8795619,Gombai Cukraszda,Veresegyhaz,Hungary,47.656254,19.263586,4.2,56,$$ - $$$,restaurant
17478404,Holdfeny Hall,Veresegyhaz,Hungary,47.655323,19.265274,5.0,1,,restaurant
7193651,Fogado a Foltos Lohoz,Veresegyhaz,Hungary,47.64889,19.27457,2.3,6,,restaurant
32807015,Nesodden Kirke,Nesoddtangen,Norway,59.80516,10.693788,,0,,attraction
28063576,Viva Napoli Nesodden,Nesoddtangen,Norway,59.834442,10.686667,,0,,restaurant
1157948,Hellviktangen Kunstkafe,Nesodden Municipality,Norway,59.85159,10.68666,3.6,34,$$ - $$$,restaurant
21390037,Nesodden Vertshus,Nesoddtangen,Norway,59.85391,10.66313,4.4,7,$,restaurant
12688265,Langoyene,Oslo,Norway,59.87167,10.721566,4.0,1,,attraction
8333939,Beach Volleyball at Langoeyene,Nesodden Municipality,Norway,59.871387,10.720494,4.0,1,,attraction
28064237,Nesodden Frukt & Gronnsaker Ans,Nesoddtangen,Norway,59.860226,10.665715,,0,,restaurant
8705703,O' Sole Mio,Nesoddtangen,Norway,59.86033,10.66569,4.8,24,$,restaurant
17384049,Pizzabakeren,Nesoddtangen,Norway,59.85592,10.66082,3.2,5,,restaurant
28036091,Pio Pio As,Nesodden Municipality,Norway,59.8422,10.6494,4.0,1,,restaurant
27777897,Il Nido,Villemomble,France,48.89525,2.500787,5.0,3,$$ - $$$,restaurant
27279814,L'atelier De Warren,Le Raincy,France,48.894997,2.513388,,0,,restaurant
13550768,Eglise Saint Augustin des Coquetiers,Les Pavillons Sous Bois,France,48.895725,2.500353,3.0,1,,attraction
10686811,Eglise Notre-Dame du Raincy,Le Raincy,France,48.89554,2.51402,4.3,27,,attraction
11749697,La Malotte,Le Raincy,France,48.89619,2.514813,4.3,70,$$ - $$$,restaurant
28324234,Dinane Bien-etre,Le Raincy,France,48.89572,2.514412,,0,,attraction
18998519,Monsieur Burger,Le Raincy,France,48.896435,2.514855,4.1,26,$$ - $$$,restaurant
8728014,Ichiban,Le Raincy,France,48.89653,2.51518,3.5,35,$$ - $$$,restaurant
15748358,Trianon Galerie,Le Raincy,France,48.89604,2.52699,3.0,1,,attraction
13336473,Cote a Cotes,Le Raincy,France,48.89558,2.52288,4.0,3,$$ - $$$,restaurant
21012708,Katholische Kirche Leitzersdorf (St. Jakob),Leitzersdorf,Austria,48.391327,16.220098,,0,,attraction
23025454,Brunnbergwarte,Stockerau,Austria,48.388897,16.213371,,0,,attraction
28063139,Pizzeria Castello,Stockerau,Austria,48.389286,16.209093,,0,,restaurant
3824311,Pension Burgblick,Leobendorf,Austria,48.39315,16.30151,3.5,2,,hotel
2668785,Goldenes Brundl,Stockerau,Austria,48.412746,16.317377,4.2,89,$$$$,restaurant
12383195,Pension Rohrwald,Oberrohrbach,Austria,48.3957,16.29602,2.5,2,,hotel
10521471,Fluxi das Flughafentaxi,Leitzersdorf,Austria,48.40222,16.25583,3.0,47,,attraction
25413139,Eventgasthaus Greil,Leitzersdorf,Austria,48.417564,16.24396,5.0,1,$,hotel
5965975,Ha2weio,Stockerau,Austria,48.39448,16.21923,5.0,2,,restaurant
15529520,Aerial Helicopter,Stockerau,Austria,48.40636,16.19821,5.0,2,,attraction
18843337,Heilingenkreuz,Heiligenkreuz,Austria,48.0559,16.13586,5.0,1,,attraction
12153132,Gasthof Skilitz,Heiligenkreuz,Austria,48.03778,16.17315,4.6,21,$$ - $$$,restaurant
2312903,Heiligenkreuz Abbey,Heiligenkreuz,Austria,48.0559,16.13586,4.6,142,,attraction
4166897,Klostergasthof Heiligenkreuz,Heiligenkreuz,Austria,48.056133,16.130806,3.9,121,$$ - $$$,restaurant
4944298,Pochhacker's Krone,Gaaden,Austria,48.05746,16.211544,4.6,45,$$ - $$$,restaurant
10372286,Gasthaus Zu Den Linden,Gaaden,Austria,48.05787,16.21246,4.1,17,$$ - $$$,restaurant
19816295,Mein Back Eck,Gaaden,Austria,48.057556,16.212069,,0,,restaurant
6596191,Gastehaus Andrea,Hinterbruhl,Austria,48.07323,16.19041,4.5,2,,hotel
3317118,Naturpark Sparbach,Hinterbruhl,Austria,48.076805,16.186966,4.4,34,,attraction
12322998,Meierei Fullenberg,Heiligenkreuz,Austria,48.06658,16.15298,3.8,14,$$ - $$$,restaurant
23784467,Welcome Break South Mimms Services M25,Potters Bar,United Kingdom,51.687252,-0.223357,2.9,24,$,restaurant
14377159,Pizza Express,Potters Bar,United Kingdom,51.687057,-0.221485,3.0,48,$$ - $$$,restaurant
3516153,The Green Dragon,Barnet,United Kingdom,51.674854,-0.216323,4.5,1014,$$ - $$$,restaurant
8073642,The Shire London,Barnet,United Kingdom,51.66302,-0.20932,4.4,29,,attraction
7280519,Harry Ramsden's,South Mimms,United Kingdom,51.687294,-0.221878,3.5,95,$$ - $$$,restaurant
32849308,Taco Bell,South Mimms,United Kingdom,51.687515,-0.221801,,0,,restaurant
262406,Ramada South Mimms M25,Potters Bar,United Kingdom,51.687298,-0.221935,3.9,766,$,hotel
13003789,Burger King,Potters Bar,United Kingdom,51.687527,-0.221743,1.9,17,$,restaurant
26620351,The Good Breakfast,Potters Bar,United Kingdom,51.68758,-0.22168,,0,,restaurant
21830387,Pret a Manger,London,United Kingdom,51.687428,-0.22169,3.0,1,,restaurant
282401,Medl-Braeu,Vienna,Austria,48.195515,16.280315,4.4,71,,attraction
28095603,Cafe Corner,Vienna,Austria,48.196842,16.2671,,0,,restaurant
10769200,Allianz Stadion,Vienna,Austria,48.19725,16.26549,4.6,38,,attraction
9582565,Gasthaus Peschta,Vienna,Austria,48.19797,16.262257,4.3,41,$$ - $$$,restaurant
28095810,Rekordmeister Bar | Wien,Vienna,Austria,48.1976,16.264685,,0,,restaurant
11789075,Pizza Mann,Vienna,Austria,48.19766,16.27882,4.0,3,$$ - $$$,restaurant
13631283,Noomi Cafe Deli,Vienna,Austria,48.19761,16.27921,4.3,16,,restaurant
28095399,The Twins (irish) Pub Wien,Vienna,Austria,48.197582,16.279263,,0,,restaurant
1195993,Landgasthof & Pension Sommer,Purkersdorf,Austria,48.19596,16.16647,2.5,11,,hotel
27701436,Der Salon Hostel,Vienna,Austria,48.19496,16.260197,,0,,hotel
27151669,Stratto - Aire du Chat Blanc,Bievres,France,48.74794,2.197121,1.0,1,,restaurant
23979291,Abbaye Benedictines de Limon,Vauhallan,France,48.726883,2.200078,5.0,1,,attraction
27294749,Living-romm,Palaiseau,France,48.71442,2.201044,5.0,3,,restaurant
18546285,LivingRoomPalaiseau,Palaiseau,France,48.714252,2.201031,4.0,148,$$ - $$$,restaurant
14184398,Ecopark Adventures Monteclin,Bievres,France,48.766518,2.196959,4.5,15,,attraction
10976802,Chateau des Roches,Bievres,France,48.757217,2.200426,4.5,15,,attraction
27843127,Picadeli,Palaiseau,France,48.7138,2.201381,,0,,restaurant
15912708,Aparthotel Adagio access Palaiseau Saclay,Palaiseau,France,48.71446,2.201764,3.8,60,$$,hotel
19702078,Food Asia,Palaiseau,France,48.71421,2.201838,2.9,11,$,restaurant
24982156,L'echappee Mel,Vauhallan,France,48.734478,2.205473,4.5,20,,restaurant
11855982,Restaurant Fohrewaldli,Fahrweid,Switzerland,47.409996,8.416778,4.0,21,$$ - $$$,restaurant
4844713,Zu den Zwei Raben,Unterengstringen,Switzerland,47.408264,8.438666,3.6,82,$$ - $$$,restaurant
28087603,Bistro Testa Rossa In Unterengstringen,Unterengstringen,Switzerland,47.40976,8.44304,,0,,restaurant
8493765,Wust - Backerei Konditorei Confiserie Cafe,Unterengstringen,Switzerland,47.41151,8.44868,3.4,10,$$ - $$$,restaurant
10305590,Restaurant Meierhofli,Unterengstringen,Switzerland,47.41073,8.44796,4.1,8,$$ - $$$,restaurant
28093741,Gallery Garage,Weiningen,Switzerland,47.40753,8.4143,,0,,restaurant
12815858,Victoria,Fahrweid,Switzerland,47.4072,8.41224,4.7,3,,restaurant
2241821,Limmatbruecke,Fahrweid,Switzerland,47.4071,8.41134,4.6,10,,hotel
24075962,Regionale 2025,Dietikon,Switzerland,47.406803,8.406249,,0,,attraction
33017241,Thai Orchid Dietikon,Dietikon,Switzerland,47.406933,8.405665,,0,,attraction
23721291,Jezirko V Prokopskem Udoli,Prague,Czech Republic,50.04178,14.386019,4.0,1,,attraction
28058081,Em3 Coffee,Prague,Czech Republic,50.035385,14.386747,5.0,1,,restaurant
23721401,Skalnickova zahrada Hlubocepy,Prague,Czech Republic,50.0423,14.389345,5.0,1,,attraction
23721881,Spolecnost Pro Ochranu Prokopskeho A Dalejskeho Udoli,Prague,Czech Republic,50.041515,14.387113,4.0,1,,attraction
4767997,Plzensky restaurant Kamera,Prague,Czech Republic,50.035,14.377095,3.7,98,$$ - $$$,restaurant
7123462,Smaragd,Prague,Czech Republic,50.03357,14.38767,4.0,8,$,restaurant
277222,Hotel Smaragd Prague,Prague,Czech Republic,50.03311,14.386312,3.1,32,$,hotel
28095725,Azad Kebab Barrandov,Prague,Czech Republic,50.034557,14.38083,,0,,restaurant
10431784,Enjoy Prague Tours,Prague,Czech Republic,50.033726,14.377177,5.0,72,,attraction
7660278,Aqua Dream,Prague,Czech Republic,50.03612,14.38972,,0,,attraction
27354200,Barkilaka,Rome,Italy,41.90095,12.68619,,0,,restaurant
5814329,Pizza House,Rome,Italy,41.899708,12.678975,3.0,2,,restaurant
26717150,New Destination GYM,Rome,Italy,41.90135,12.658884,,0,,attraction
13143101,Torre di Tor Sapienza,Rome,Italy,41.9008,12.59184,3.0,1,,attraction
20793929,The Legend,Rome,Italy,41.901405,12.658386,,0,$$ - $$$,restaurant
27412132,Restaurant Romanesc Moldova,Rome,Italy,41.9022,12.676706,,0,,restaurant
19816780,Decor Festa Roma,Rome,Italy,41.901974,12.658883,5.0,1,,restaurant
27189826,Pasticceria La Celestiale -Villaggio Prenestino,Rome,Italy,41.902542,12.681463,,0,,restaurant
4293016,Babylandia Park,Rome,Italy,41.90198,12.68986,4.2,5,,attraction
23910755,Italy Private Transfer,Rome,Italy,41.90154,12.68387,,0,,attraction
10816773,Smetanova vyhlidka,Krnany,Czech Republic,49.84798,14.451464,3.9,8,,attraction
10440826,Farma Michael,Prague,Czech Republic,49.81635,14.455092,4.1,12,$$,hotel
23284154,Rodinne ubytovani Slapy,Neveklov,Czech Republic,49.780376,14.449129,,0,,hotel
7813119,U Melisku,Neveklov,Czech Republic,49.77956,14.45288,4.7,3,,restaurant
16877808,Ubytovani v Ouklidu,Nedrahovice,Czech Republic,49.61585,14.43974,,0,,hotel
28657064,Dvur Bude,Osecna,Czech Republic,49.6974,14.435408,,0,$,hotel
28058784,Obcerstveni Zelena Rokle,Petrov,Czech Republic,49.879513,14.429492,,0,,restaurant
7614420,Penzion Janata,Slapy,Czech Republic,49.81157,14.42859,4.0,2,$,hotel
7606424,Penzion FEO,Hradistko,Czech Republic,49.87489,14.42721,4.0,1,,hotel
8458176,Restaurant Modra Lodenice,Slapy,Czech Republic,49.800518,14.42721,2.4,9,$$ - $$$,restaurant
24132012,Hotel Kaliber,Mytishchi,Russia,55.9084,37.7788,,0,,hotel
16216248,Losinaya Bio Station,Moscow,Russia,55.877903,37.784813,4.8,13,,attraction
11726264,Berezki,Moscow,Russia,55.82924,37.81327,3.3,4,$$ - $$$,restaurant
11906729,ProSport at Kurganskaya,Moscow,Russia,55.830013,37.821182,5.0,1,,attraction
6111390,Berezka,Moscow,Russia,55.82939,37.81477,3.6,27,$$ - $$$,restaurant
6113244,Staroye Golyanovo,Moscow,Russia,55.82924,37.81327,4.3,3,,restaurant
17769279,Ladomir on Shchelkovskaya,Moscow,Russia,55.82411,37.80602,1.0,1,,hotel
21187522,Tasos Golyanovo Hotel,Moscow,Russia,55.82853,37.8092,3.0,1,,hotel
3775458,Aldan,Moscow,Russia,55.82546,37.81047,4.0,1,,restaurant
6113836,Shokoladnitsa,Moscow,Russia,55.82512,37.83375,3.8,4,,restaurant
10028110,Made In Italy,Bessaker,Norway,60.29427,10.61148,,0,,restaurant
9812422,Glasskunstner Froydis Samuelsson,Roa,Norway,60.293987,10.611815,5.0,1,,attraction
3468943,Ovre Lyse Farm,Oslo,Norway,60.03616,10.61453,,0,,attraction
28061974,Lupro As,Roa,Norway,60.289597,10.616751,,0,,restaurant
3468710,Elveli Farm,Oslo,Norway,60.0231,10.619246,5.0,2,,attraction
28063148,Finnerud Sportsstue,Oslo,Norway,60.031277,10.639993,,0,,restaurant
235098,Trollvasshytta,Oslo,Norway,59.98241,10.65259,3.5,2,,hotel
656594,Bogstad Gard,Oslo,Norway,59.971615,10.626039,4.4,45,,attraction
3385037,Cafe Grevinnen Bogstad Manor,Oslo,Norway,59.97135,10.626571,4.0,8,,restaurant
3514860,Hadeland Bergverksmuseum,Grua,Norway,60.25252,10.654741,4.8,5,,attraction
1463202,Hotel Makrovilag,Budapest,Hungary,47.44161,18.99735,1.5,2,,hotel
276834,Memento Park,Budapest,Hungary,47.42637,18.998928,3.9,1401,,attraction
2509259,Keramiapark Guesthaus,Budapest,Hungary,47.40931,18.99059,4.8,4,$,hotel
15273123,Paintball Games,Budapest,Hungary,47.412766,18.989334,5.0,8,,attraction
8002453,Ohegy Etterem Pizzeria,Budapest,Hungary,47.406673,18.99146,4.1,35,$$ - $$$,restaurant
28085515,Vegyeskereskedes - Elelmiszerbolt,Budapest,Hungary,47.40495,19.0004,,0,,restaurant
1484127,Beta Hotel Garden,Budapest,Hungary,47.40401,19.00139,,0,,hotel
2008730,Apple Hostel,Budapest,Hungary,47.39397,18.98781,,0,,hotel
7998418,Budapest Travelmate,Budapest,Hungary,47.4032,19.00309,4.1,8,,attraction
19451955,Petho Travel - Airport Transfer,Budapest,Hungary,47.42867,19.00348,,0,,attraction
12398959,Kahyt & Kaffe,Copenhagen,Denmark,55.659264,12.558303,4.8,10,$$ - $$$,restaurant
26791786,Sawiana,Copenhagen,Denmark,55.655617,12.559117,3.8,16,$$ - $$$,restaurant
28197452,Den Lille Restaurant,Copenhagen,Denmark,55.655704,12.559841,5.0,2,$$ - $$$,restaurant
21118082,Restaurant Carl Nielsen,Copenhagen,Denmark,55.65581,12.559847,4.8,109,$$ - $$$,restaurant
28039777,Christian Langes Plads,Copenhagen,Denmark,55.65558,12.560194,5.0,1,,attraction
17659623,Kobenhavns Flugtskytte Klub,Copenhagen,Denmark,55.62971,12.55646,5.0,1,,attraction
2192473,CityCamp,Copenhagen,Denmark,55.654404,12.555227,2.8,44,,hotel
3599537,Dieselhouse,Copenhagen,Denmark,55.65635,12.555128,4.6,39,,attraction
25097134,Bjorn & Delfino,Copenhagen,Denmark,55.65573,12.560207,4.7,28,$$ - $$$,restaurant
28086792,Fotex,Copenhagen,Denmark,55.661476,12.560244,,0,,restaurant
7070996,Johannesbergs Slott,Rimbo,Sweden,59.73612,18.19036,3.4,59,$,hotel
23392160,Bromseby,Vallentuna,Sweden,59.560467,18.235518,,0,,attraction
12705847,Nedergarden Gammalt & Nytt Cafe,Ranas,Sweden,59.735832,18.251041,3.9,11,,restaurant
32826241,Il Pascolo,Akersberga,Sweden,59.49487,18.252892,3.5,5,,restaurant
5967369,Boson,Lidingo,Sweden,59.380775,18.183422,4.3,126,$$,hotel
17822926,Bogesundsgarden,Vaxholm,Sweden,59.4185,18.17213,,0,,hotel
13451737,Ullna Indoor Golf,Akersberga,Sweden,59.49555,18.16287,4.0,3,,attraction
5952888,Ullna Golfrestaurang,Akersberga,Sweden,59.495377,18.152431,4.6,22,$$ - $$$,restaurant
13557990,Askrikevagen Runes,Lidingo,Sweden,59.37557,18.16157,4.3,3,,attraction
28080256,Askrike Pizzeria,Lidingo,Sweden,59.373978,18.162611,,0,,restaurant
7234631,Convento de Capuchinos,Madrid,Spain,40.57277,-3.77755,4.4,5,,attraction
23169233,Manifiesto Los Penascales,Torrelodones,Spain,,,,,,
31720502,La Rollerie Caleido,Madrid,Spain,40.56833,-3.92007,2.5,2,,restaurant
22951015,Burger King,Madrid,Spain,40.56812,-3.91826,,0,,restaurant
2707061,La Bodeguita del Pardo,Las Rozas,Spain,40.56459,-3.898901,4.2,146,$$ - $$$,restaurant
2717871,Casino Gran Madrid Torrelodones,Torrelodones,Spain,40.5657,-3.914369,3.8,190,,attraction
22950061,McDonald's,Torrelodones,Spain,40.56833,-3.920074,,0,,restaurant
15624483,Kobbeman,Torrelodones,Spain,40.56914,-3.9207,2.8,5,,restaurant
12550846,Starbucks Espacio Torrelodones,Torrelodones,Spain,40.568604,-3.920509,3.6,10,$,restaurant
15769603,Nyri Spaces,Torrelodones,Spain,40.5685,-3.92102,,0,,attraction
2699779,Max A Trigoria,Rome,Italy,41.764046,12.469622,3.7,252,$$ - $$$,restaurant
17606255,Villa Paradiso,Rome,Italy,41.7573,12.46878,,0,,hotel
11860835,Pasticceria Rosolino,Rome,Italy,41.76588,12.46918,4.1,46,$$ - $$$,restaurant
2314789,Relais Michelangelo,Rome,Italy,41.79252,12.47067,4.5,54,,hotel
23622047,Crudo Sushi & Fish - Trigoria,Rome,Italy,41.767,12.47054,4.8,4,,restaurant
8789615,Deep Green B&B,Rome,Italy,41.7879,12.46844,,0,,hotel
23792402,Da Norcia Per Voi,Rome,Italy,41.748974,12.466384,,0,,attraction
13272903,Experience Escape Room,Rome,Italy,41.76205,12.46575,4.8,141,,attraction
27840280,Bar Angelini,Rome,Italy,41.74888,12.466327,,0,,restaurant
4549524,Mostra 'Hic Domus Aeneae' al Museo Archeologico Lavinium,Pomezia,Italy,41.67103,12.4656,4.8,5,,attraction
28093731,Rex-royal,Dallikon,Switzerland,47.446743,8.430882,,0,,restaurant
28093366,Restaurant Frohsinn,Danikon,Switzerland,47.445625,8.405437,,0,,restaurant
5140357,Restaurant Golfpark Otelfingen - 19,Otelfingen,Switzerland,47.45487,8.401639,3.2,23,$$ - $$$,restaurant
26681458,alte Post,Huttikon,Switzerland,47.446186,8.387054,5.0,2,$$ - $$$,restaurant
24154987,Chile Con Chile By Cano's,Otelfingen,Switzerland,47.459118,8.403327,,0,,restaurant
28093178,Campus Otelfingen,Otelfingen,Switzerland,47.45886,8.40108,,0,,restaurant
21311808,Restaurant Ahan Thai,Otelfingen,Switzerland,47.45562,8.38924,4.0,9,$,restaurant
23044052,Gasthof Steinhof,Wurenlos,Switzerland,47.44488,8.36073,3.4,9,$$$$,restaurant
23518923,Steinhof Wurenlos,Wurenlos,Switzerland,47.44488,8.36072,5.0,3,,hotel
2205047,Klostergaertnerei,Wettingen,Switzerland,47.45316,8.33492,4.5,10,,attraction
19229149,GoPrague24,Prague,Czech Republic,50.17293,14.42747,,0,,attraction
12793310,Camp Herzog,Prague,Czech Republic,50.117264,14.427165,3.5,4,,hotel
10784705,Camp Fremunt,Prague,Czech Republic,50.11715,14.42747,4.3,8,$$,hotel
2285680,Autocamp Trojska,Prague,Czech Republic,50.116894,14.427778,4.6,45,$$,hotel
25325287,MatEjska Pout,Prague,Czech Republic,50.10873,14.427947,4.0,2,,attraction
20995440,RESET: Zpatky na scenu,Prague,Czech Republic,50.107166,14.42822,5.0,2,,attraction
28095785,Na Sekyrce,Prague,Czech Republic,50.10031,14.427177,,0,,restaurant
12333763,Pekarstvi Jan Masek,Prague,Czech Republic,50.10032,14.42749,4.5,2,,restaurant
7676438,Planetarium Prague,Prague,Czech Republic,50.105324,14.427559,3.9,34,,attraction
1438192,Residence 4,Prague,Czech Republic,50.10223,14.42775,3.0,3,,hotel
21342668,Provestenen Syd,Copenhagen,Denmark,55.6713,12.633193,4.0,1,,attraction
7893111,supsurf,Copenhagen,Denmark,55.66879,12.631349,3.8,5,,attraction
23886658,Pulpo,Copenhagen,Denmark,55.664658,12.6291,4.0,39,$$ - $$$,restaurant
28607220,Flora Apartment Hotel,Copenhagen,Denmark,55.666267,12.627149,,0,$$,hotel
27517242,Fusion Cafe,Copenhagen,Denmark,55.66766,12.626787,,0,,restaurant
26526026,Restaurant Lindgreens,Copenhagen,Denmark,55.667435,12.622008,4.0,3,,restaurant
25293377,Little House Amager,Copenhagen,Denmark,55.66727,12.620807,,0,,attraction
23176476,Lena's Killer Kitchen,Copenhagen,Denmark,55.666775,12.620296,3.0,1,,restaurant
20978053,The Village Restaurant,Copenhagen,Denmark,55.668224,12.621718,4.0,4,$$ - $$$,restaurant
13975855,Stromma Danmark,Copenhagen,Denmark,55.66874,12.62544,2.8,16,,attraction
4562989,La Fattoria degli Animali,Rome,Italy,41.7411,12.31391,3.1,105,,attraction
21368666,Bar al Dollaro,Lido di Ostia,Italy,41.73477,12.31533,4.4,5,,restaurant
2455463,Domus Castelfusano,Rome,Italy,41.74251,12.32654,4.8,4,,hotel
10303256,B&B Villa Giovanni,Rome,Italy,41.73866,12.3393,1.8,12,$,hotel
28354528,Consorzio L'aurora,Rome,Italy,41.73705,12.33545,,0,,attraction
10636261,La Soffitta di Emma B&B,Rome,Italy,41.74202,12.34291,5.0,9,$,hotel
26811799,Ristorante Civico 51,Rome,Italy,41.73666,12.346912,4.5,14,$$ - $$$,restaurant
28354407,Centro Sportivo Ai Pini,Rome,Italy,41.73535,12.346062,,0,,attraction
15565250,A57 Guesthouse,Rome,Italy,41.73412,12.33719,4.5,2,$$,hotel
2431475,La Querida,Rome,Italy,41.73385,12.334928,4.5,1645,$$ - $$$,restaurant
28311832,Svartkulp,Oslo,Norway,59.97667,10.738693,,0,,attraction
3494062,Nordberg Church,Oslo,Norway,59.9632,10.742641,,0,,attraction
21002119,Sogn,Oslo,Norway,59.96165,10.742469,,0,,
28062791,Queen Sushi Tasen,Oslo,Norway,59.95653,10.746207,,0,,restaurant
24157987,Reinheimen Lodge,Nordberg,Norway,59.95908,10.742123,,0,,hotel
18194268,Royal Grill,Oslo,Norway,59.95644,10.74638,2.2,5,,restaurant
12480112,Solobservatoriet,Oslo,Norway,60.21041,10.751001,4.8,5,,attraction
28063760,Oyungsbua,Oslo,Norway,60.040764,10.75399,,0,,restaurant
3483804,Skjerven Farm,Oslo,Norway,59.985546,10.754055,5.0,2,,attraction
4192065,Tasen Cafebar,Oslo,Norway,59.952454,10.751857,3.2,39,$,restaurant
10242643,AIBC Field Freudenau,Vienna,Austria,48.19371,16.44013,4.0,2,,attraction
10238246,Baseball Field AIBC Freudenau,Vienna,Austria,48.19371,16.44013,4.5,2,,restaurant
12484938,Restaurant Ister,Vienna,Austria,48.194775,16.4495,4.3,4,$$ - $$$,restaurant
13812137,River Lodge,Vienna,Austria,48.19492,16.44975,4.7,3,$,hotel
7204158,Vienna Peace Pagoda,Vienna,Austria,48.19354,16.45037,3.9,11,,attraction
28058022,Ristorante Vabene,Vienna,Austria,48.193413,16.451859,,0,,restaurant
245647,Wiener Galopprennverein,Vienna,Austria,48.190113,16.440859,3.5,2,,attraction
245412,Golf Club Wien,Vienna,Austria,48.19092,16.44041,3.4,5,,attraction
1103547,Altes Jagerhaus,Vienna,Austria,48.193134,16.43925,3.7,81,$$ - $$$,restaurant
1127127,Lusthaus im Prater,Vienna,Austria,48.19252,16.43898,3.9,21,$$ - $$$,restaurant
28319381,Create Space London,London,United Kingdom,51.615654,-0.238807,,0,,attraction
23774520,Bootcamp UK Mill Hill,London,United Kingdom,51.615616,-0.239835,,0,,attraction
23430666,Gail's Mill Hill,London,United Kingdom,51.61567,-0.24469,3.2,9,$$ - $$$,restaurant
2239923,The Rising Sun,London,United Kingdom,51.6271,-0.241701,4.4,406,$$ - $$$,restaurant
21362164,Gametime Playtime,London,United Kingdom,51.615948,-0.242826,4.8,8,,attraction
1022490,Pizza Express,London,United Kingdom,51.615845,-0.24471,3.2,68,$$ - $$$,restaurant
11698763,Yogopink,London,United Kingdom,51.615776,-0.244852,3.7,6,,restaurant
12588889,Hudsons Brasserie,London,United Kingdom,51.615993,-0.245017,3.4,71,$$ - $$$,restaurant
12172142,Baw,London,United Kingdom,51.615196,-0.246081,4.0,98,$$ - $$$,restaurant
15048166,Perea Clinic,London,United Kingdom,51.613914,-0.245073,5.0,1,,attraction
18833428,Addfood Restaurang & Catering,Stockholm,Sweden,59.299107,17.992294,5.0,1,,restaurant
28068960,Brodernas,Stockholm,Sweden,59.299038,17.995169,,0,,restaurant
28071700,Pizzeria Italia Telefonplan,Stockholm,Sweden,59.30017,17.99581,,0,,restaurant
911427,Restaurang Landet,Stockholm,Sweden,59.299072,17.996244,3.6,69,$$ - $$$,restaurant
6947360,Xian Koket,Stockholm,Sweden,59.30243,17.992067,4.4,34,$$ - $$$,restaurant
28072529,Thai Wok Orkide,Stockholm,Sweden,59.302273,17.993412,,0,,restaurant
13929760,Golfbaren Aspudden,Stockholm,Sweden,59.30704,17.995329,3.8,5,$$ - $$$,restaurant
13820350,Furellios Ristorante,Stockholm,Sweden,59.302574,17.99476,4.5,21,$$ - $$$,restaurant
13210829,Hagersten,Stockholm,Sweden,59.30396,17.97704,,0,,
28068611,La Favorita,Hagersten,Sweden,59.301723,17.988464,,0,,restaurant
3442898,Traktorstedet Gjorslev Bogeskov,Store Heddinge,Denmark,55.370243,12.410561,4.1,91,$$ - $$$,restaurant
3543413,Stevns Klint Trampesti,Store Heddinge,Denmark,55.37021,12.40598,4.6,42,,attraction
3595552,Bogeskov Lystbaadehavn,Store Heddinge,Denmark,55.35848,12.4176,2.8,8,,attraction
11742675,Havkatten,Hvidovre,Denmark,55.60995,12.44228,3.1,9,$,restaurant
8602192,Albatrossen & Co.,Hvidovre,Denmark,55.609722,12.443253,4.8,12,$$ - $$$,restaurant
3538146,Holtug Kirke,Store Heddinge,Denmark,55.34513,12.405,4.3,3,,attraction
3220015,Danhostel Store Heddinge,Store Heddinge,Denmark,55.31144,12.39333,4.5,11,$$,hotel
28013924,Sigerslevhus Stevns Klint Bed and Breakfast,Store Heddinge,Denmark,55.322044,12.413464,,0,$$,hotel
12850869,Vangeled Gaard B&B,Store Heddinge,Denmark,55.33978,12.4221,4.9,8,$$,hotel
3562261,Holtug Kridtbrud,Store Heddinge,Denmark,55.33888,12.44371,4.3,15,,attraction
17665385,Prague Tours by Tatiana,Prague,Czech Republic,50.12624,14.43092,4.1,17,,attraction
12200355,Music Goja Hall,Prague,Czech Republic,50.108067,14.431097,3.1,14,,attraction
12388696,Bambuszahrada,Prague,Czech Republic,50.13966,14.43028,,0,,hotel
10281576,Strelnice Praha,Prague,Czech Republic,50.13969,14.42973,4.0,2,,attraction
18218984,Prumyslovy palac,Prague,Czech Republic,50.10661,14.42984,4.0,1,,attraction
25157611,Stromovous - Zahradni Kavarna A Bar U Stromovky,Prague,Czech Republic,50.106544,14.429849,5.0,1,,restaurant
590468,Vystaviste -- Prague Exhibition Grounds,Prague,Czech Republic,50.105385,14.430758,3.6,79,,attraction
25157597,Engel Mit Einem Teufel (andel S Dablem),Prague,Czech Republic,50.105522,14.430947,4.0,1,,attraction
2252288,Lapidarium,Prague,Czech Republic,50.105175,14.430992,4.3,37,,attraction
12999452,Wildt,Prague,Czech Republic,50.10399,14.43136,3.0,4,,attraction
27292550,Bar Noemi,Rome,Italy,41.82505,12.64405,,0,,restaurant
28024792,Bellarium Frascati,Frascati,Italy,41.8229,12.679432,5.0,13,$$ - $$$,restaurant
28378514,Parco Castiglione,Rome,Italy,41.82434,12.64328,,0,,attraction
27510419,Sorelle Zumbo- Zumbo Vini,Castiglione di Sicilia,Italy,41.824314,12.643264,,0,,attraction
9788312,Ninkasi,Vermicino,Italy,41.82334,12.642789,4.8,850,$$ - $$$,restaurant
1809043,Centro Poppy,Frascati,Italy,41.822067,12.659101,3.2,25,$$ - $$$,restaurant
1808981,Il Paradiso,Frascati,Italy,41.82171,12.65919,,0,$,hotel
2490333,Hotel Villa Icidia,Rome,Italy,41.82202,12.643578,3.7,150,$,hotel
5504430,Ristorante Hotel Villa Icidia,Vermicino,Italy,41.822437,12.642646,3.7,108,$$ - $$$,restaurant
17611841,My Domus,Rome,Italy,41.82506,12.64072,,0,,hotel
4560593,Rakoczy Pekseg,Budapest,Hungary,47.51682,19.16476,,0,,restaurant
5541834,TRIO Pizza,Budapest,Hungary,47.51602,19.17172,,0,,restaurant
1977482,HometoHome Hostel,Budapest,Hungary,47.51491,19.16167,4.3,4,,hotel
4367944,Outdoor museum budapest,Budapest,Hungary,47.51678,19.16112,3.6,5,,attraction
5519649,Gabor Glasner Private Tours,Budapest,Hungary,47.51661,19.16075,4.8,25,,attraction
15813180,Ropogos Bistro & Garden,Budapest,Hungary,47.51476,19.15367,4.3,12,$$ - $$$,restaurant
28086062,Katoka Etkezde,Budapest,Hungary,47.51422,19.18385,,0,,restaurant
15520804,B&B Vaci Utca,Budapest,Hungary,47.51294,19.15465,,0,,hotel
23592153,Gold Basilica,Budapest,Hungary,47.513977,19.195328,,0,$$$,hotel
28085584,Izigo Coffee,Budapest,Hungary,47.51389,19.20208,,0,,restaurant
10231866,Bellewstown Golf Club,Drogheda,Ireland,53.64378,-6.38981,,0,,attraction
2305032,Boyne Valley Tours,,Ireland,53.60913,-6.39165,5.0,307,,attraction
6352302,Bennett's Bar & Lounge,Ardcath,Ireland,53.60769,-6.392228,5.0,10,,attraction
2546167,Sage and Stone,Duleek,Ireland,53.661327,-6.396153,4.0,200,$$ - $$$,restaurant
13805814,The Fox Inn,Ashbourne,Ireland,53.53326,-6.39587,3.7,3,,attraction
7254779,LT Thai Cuisine,Ashbourne,Ireland,53.51059,-6.39604,5.0,2,,restaurant
2254279,Newbarn Farm,Ashbourne,Ireland,53.50411,-6.39115,4.4,114,,attraction
28093156,Ashbourne Thai Therapy,Ashbourne,Ireland,53.503704,-6.393178,,0,,restaurant
7932765,Thai Jasmine,Ashbourne,Ireland,53.51007,-6.39435,4.5,14,$$ - $$$,restaurant
28093782,"Pizza Max Ashbourne - Meath, Ireland",Ashbourne,Ireland,53.510635,-6.396207,,0,,restaurant
21075762,KFC,Budapest,Hungary,47.54898,19.14731,,0,,restaurant
28084701,Palota Doner Kebab,Budapest,Hungary,47.54244,19.140942,,0,,restaurant
3693753,World Mall,Budapest,Hungary,47.54826,19.1477,3.8,29,,attraction
15798589,Center Szinhaz,Budapest,Hungary,47.549538,19.148804,,0,,attraction
12858349,PletykaFeszek,Budapest,Hungary,47.549206,19.148943,,0,,restaurant
8798715,Pirog-da!,Budapest,Hungary,47.541153,19.150463,4.3,21,$,restaurant
28085073,Pannonkant Kft.,Budapest,Hungary,47.533203,19.145107,,0,,restaurant
28085311,Zabori Cukraszat,Budapest,Hungary,47.53181,19.145243,,0,,restaurant
10766316,Paintball Academy,Budapest,Hungary,47.534252,19.147654,5.0,2,,attraction
23790834,Segesvar Utcai Jatszoter,Budapest,Hungary,47.530834,19.167492,4.5,2,,attraction
28378650,Green Park,Grottaferrata,Italy,41.78315,12.696354,,0,,attraction
23715083,Bar Massaro,Rome,Italy,41.77917,12.694387,,0,,restaurant
21376365,Panificio Valentino Il Mago,Grottaferrata,Italy,41.78639,12.694422,3.5,2,,restaurant
10460163,La Casetta Di Irene,Grottaferrata,Italy,41.79236,12.695271,3.3,33,$$ - $$$,restaurant
12869220,Crema&cioccolato,Grottaferrata,Italy,41.78787,12.697221,4.0,1,$$ - $$$,restaurant
27291163,Ibiscottidibele,Grottaferrata,Italy,41.78812,12.697294,,0,,restaurant
24139728,Officina Del Cibo,Grottaferrata,Italy,41.787903,12.697546,4.9,8,$$ - $$$,restaurant
16040071,Caffe 900,Grottaferrata,Italy,41.782,12.6919,3.0,1,,restaurant
2224078,Da Romeo,Grottaferrata,Italy,41.78222,12.691343,4.0,177,$,restaurant
17368374,Barozze House,Rocca di Papa,Italy,41.775547,12.690659,,0,,hotel
6983673,Hotel Zur Panke,Panketal,Germany,,,,,,
25410427,King Doner das Barnimer Grillhaus & Cafe,Zepernick,Germany,,,,,,
27508210,Gaststatte Schulz,Bernau,Germany,,,,,,
483485,Waldhotel Wandlitz,Wandlitz,Germany,,,,,,
12951744,Gasthaus am Gorinsee,Wandlitz,Germany,,,,,,
27193923,Dolce Italia,Wandlitz,Germany,,,,,,
1592964,Hotel RubiRosa,Wandlitz,Germany,,,,,,
17810523,Surfcenter Wandlitz,Wandlitz,Germany,,,,,,
14768492,El Gaucho,Wandlitz,Germany,,,,,,
10106172,Jugendherberge Wandlitz,Wandlitz,Germany,,,,,,
24913622,Nrg Plus,Barcelona,Spain,,,,,,
27672655,Jardinet Del Mar,Barcelona,Spain,,,,,,
19911092,FIRE,Barcelona,Spain,,,,,,
17794795,Port Vela,Barcelona,Spain,,,,,,
26554872,Dirty Flamingo,Barcelona,Spain,,,,,,
25572888,Noxe,Barcelona,Spain,,,,,,
3783373,Spa W Barcelona,Barcelona,Spain,,,,,,
1465497,W Barcelona,Barcelona,Spain,,,,,,
1858970,Bravo,Barcelona,Spain,,,,,,
27866182,Charter Barcelona,Barcelona,Spain,,,,,,
24096224,Petiscaria,Barreiro,Portugal,,,,,,
24083728,Churrasqueira Do Rio,Baixa da Banheira,Portugal,,,,,,
27202178,Cafe Pastelaria Florida,Barreiro,Portugal,,,,,,
27219851,Restaurante Colon,Barreiro,Portugal,,,,,,
28341814,Vanmoda,Barreiro,Portugal,,,,,,
27202353,Loja Da Vila,Barreiro,Portugal,,,,,,
27705616,Monumento A Jose Afonso,Baixa da Banheira,Portugal,,,,,,
33012511,Cristinas,Moita,Portugal,,,,,,
27219880,Cafe Cenourinhas,Moita,Portugal,,,,,,
23558567,Haitatsu Sushi,Baixa da Banheira,Portugal,,,,,,
26501992,Action Center,Huddinge,Sweden,,,,,,
26587319,Mr Rabb,Huddinge,Sweden,,,,,,
26440710,The indian Brasserie,Huddinge,Sweden,,,,,,
19113377,Sprods Bageri Fullersta Gard,Huddinge,Sweden,,,,,,
19597546,Steakhouse i Huddinge,Huddinge,Sweden,,,,,,
7064107,Mango Sushi & Thai,Huddinge,Sweden,,,,,,
12129720,Folkes Bistro,Huddinge,Sweden,,,,,,
21169829,Gommarens Badplats,Huddinge,Sweden,,,,,,
6440270,Sadelmakartorps B&B,Tungelsta,Sweden,,,,,,
1151241,Sadelmakartorp Guesthouse,Stockholm,Sweden,,,,,,
23953909,Creply Chic,Longjumeau,France,,,,,,
23440807,Toyama,Longjumeau,France,,,,,,
27234722,Allo Speedza,Longjumeau,France,,,,,,
33007110,Namaste Inde,Saulx-les-Chartreux,France,,,,,,
17668688,Chambre Cosy Toute Equipee,Longjumeau,France,,,,,,
1795175,Relais des Chartreux,Saulx-les-Chartreux,France,,,,,,
16741050,Magnifique Pavillon 85 M2,Longjumeau,France,,,,,,
3754141,Relais des Chartreux,Saulx-les-Chartreux,France,,,,,,
2332193,Residence Hoteliere la Cerisaie,Saulx-les-Chartreux,France,,,,,,
13078266,Le Chartreux,Saulx-les-Chartreux,France,,,,,,
17449537,SN Spaccanapoli,Erlenbach,Switzerland,,,,,,
15673397,Restaurant ZUM WiiSTUBLi,Erlenbach,Switzerland,,,,,,
10377092,Erlibacherhof,Erlenbach,Switzerland,,,,,,
2335719,Ristorante Pizzeria Fiorello,Erlenbach,Switzerland,,,,,,
21243841,Ristorante Gallo Nero,Erlenbach,Switzerland,,,,,,
21221427,Fiorello,Erlenbach,Switzerland,,,,,,
2069977,Hotel Restaurant Erlibacherhof,Erlenbach,Switzerland,,,,,,
2231901,Seehaus Herrliberg,Herrliberg,Switzerland,,,,,,
6785455,Strozzi's Strandhaus,Herrliberg,Switzerland,,,,,,
6019656,Oceandrive Bar,Herrliberg,Switzerland,,,,,,
2419824,Lo Stennarello in Sabina,Palombara Sabina,Italy,,,,,,
20243039,Tenuta Torre Della Fiora,Marzolanella,Italy,,,,,,
3742864,Gran Paradiso,Palombara Sabina,Italy,,,,,,
26359789,Tenuta La Selva,Sant'Angelo Romano,Italy,,,,,,
3610888,Tenuta Gran Paradiso,Palombara Sabina,Italy,,,,,,
10027875,Agriturismo IL Solengo,Montelibretti,Italy,,,,,,
15610217,Agriturismo F.lli Abbondanza Fusi,Moricone,Italy,,,,,,
17638598,Agriturismi Il Solengo,Montelibretti,Italy,,,,,,
27830033,Mcdonald's,Fara in Sabina,Italy,,,,,,
32972050,Gila Circolo Enogastronomico,Palombara Sabina,Italy,,,,,,
7118399,Country Store & Cafe Timbertrove,Dublin,Ireland,,,,,,
23595871,"Ticknock Forest, Dublin",Dublin,Ireland,,,,,,
6866858,The Blue Light Pub,Dublin,Ireland,,,,,,
6753926,The Hazel House,Dublin,Ireland,,,,,,
32710844,Kilakee Christmas Tree Farm,Woodstown Village,Ireland,,,,,,
5897195,The Grape Vine,Enniskerry,Ireland,,,,,,
10230779,Stackstown Golf Club,Dublin,Ireland,,,,,,
2305824,The Step Inn,Dublin,Ireland,,,,,,
33032452,"Pvt Room Attached Bathroom, 20 Mins To City Center Via Direct Train 2 Min Away",Dublin,Ireland,,,,,,
28091999,Spar Leopardstown Valley,Dublin,Ireland,,,,,,
10365161,SurfLab Surf School,Costa da Caparica,Portugal,,,,,,
13003535,Restaurante Bar Tarquinio,Costa da Caparica,Portugal,,,,,,
4580396,Da Wave,Costa da Caparica,Portugal,,,,,,
10450065,Sal Escola de Surf / Surf School,Costa da Caparica,Portugal,,,,,,
13925385,Roma Beach Club,Costa da Caparica,Portugal,,,,,,
24095088,Maryana Restaurant Lounge,Costa da Caparica,Portugal,,,,,,
24093658,Maryana Beach Lounge,Costa da Caparica,Portugal,,,,,,
17165729,Big Surf School,Costa da Caparica,Portugal,,,,,,
7082811,Espaco 20,Costa da Caparica,Portugal,,,,,,
17544198,YAYA Fish House,Costa da Caparica,Portugal,,,,,,
28063148,Finnerud Sportsstue,Oslo,Norway,,,,,,
3468710,Elveli Farm,Oslo,Norway,,,,,,
235098,Trollvasshytta,Oslo,Norway,,,,,,
3385037,Cafe Grevinnen Bogstad Manor,Oslo,Norway,,,,,,
656594,Bogstad Gard,Oslo,Norway,,,,,,
28061974,Lupro As,Roa,Norway,,,,,,
9812422,Glasskunstner Froydis Samuelsson,Roa,Norway,,,,,,
3468943,Ovre Lyse Farm,Oslo,Norway,,,,,,
10028110,Made In Italy,Bessaker,Norway,,,,,,
3514860,Hadeland Bergverksmuseum,Grua,Norway,,,,,,
16875750,Vape Kingz Coffee Shop,Surbiton,United Kingdom,,,,,,
32821151,Chennai Dosa,Surbiton,United Kingdom,,,,,,
17323403,Flame and frappe,Surbiton,United Kingdom,,,,,,
12517971,Fusion Spice,Kingston upon Thames,United Kingdom,,,,,,
8580954,The Royal Oak,Surbiton,United Kingdom,,,,,,
10056636,Feedwell Cafe,Surbiton,United Kingdom,,,,,,
25249872,Massage Harmony,Surbiton,United Kingdom,,,,,,
23383436,Coffeebay,Surbiton,United Kingdom,,,,,,
10121818,The cornerHOUSE Community Arts Centre,Surbiton,United Kingdom,,,,,,
27273406,Top Cod,Surbiton,United Kingdom,,,,,,
6112461,McDonald's,Moscow,Russia,,,,,,
21147343,Cafe Bar Ogonyok,Moscow,Russia,,,,,,
6112563,Mister Kartoshka,Moscow,Russia,,,,,,
8345671,Cheburechnaya,Moscow,Russia,,,,,,
6111043,Subway,Moscow,Russia,,,,,,
6112951,Porter,Moscow,Russia,,,,,,
6112702,Oasis,Moscow,Russia,,,,,,
6111787,Gerkhuz,Moscow,Russia,,,,,,
6112219,Kolyosiko,Moscow,Russia,,,,,,
23957956,Pronto Pizza,Moscow,Russia,,,,,,
19793394,Lolita,Ermont,France,,,,,,
4763719,Minamoto,Ermont,France,,,,,,
27204471,Apple Bio,Ermont,France,,,,,,
28348701,Aux Cepages D'ermont,Ermont,France,,,,,,
19589856,Le Fournil d'Ermont,Ermont,France,,,,,,
28656129,Dino Pizza,Ermont,France,,,,,,
17706351,La Meuliere de Sannois-Paris,Sannois,France,,,,,,
23360568,Square de l'Europe,Sannois,France,,,,,,
23375606,Memorial Aux Combattants D'afrique Du Nord,Sannois,France,,,,,,
21305870,Square Jean Mermoz,Sannois,France,,,,,,
10151939,Bar Restaurante Europa,Santa Perpetua de Mogoda,Spain,,,,,,
26586833,Catalunya Padel Club,Santa Perpetua de Mogoda,Spain,,,,,,
27317766,Mercadona,Santa Perpetua de Mogoda,Spain,,,,,,
26705351,Pizza A Punt Santa Perpetua,Santa Perpetua de Mogoda,Spain,,,,,,
1071023,La premsa de Can Vinyalets,Santa Perpetua de Mogoda,Spain,,,,,,
20994366,Pastinata,Polinya,Spain,,,,,,
26327665,PRE-PA,Barcelona,Spain,,,,,,
10763417,Naomilleta Restaurat,Polinya,Spain,,,,,,
4224292,Can Morera Masia,Polinya,Spain,,,,,,
21156096,La Bona Teca,Polinya,Spain,,,,,,
21375211,Le Lavoir De Blemur,Domont,France,,,,,,
27860038,Le Petit Jardin,Montmorency,France,,,,,,
7747919,O Conquistador,Montmorency,France,,,,,,
21340685,Arbre Remarquable Le Gros Chene,Domont,France,,,,,,
4342143,Le Clos des Roses,Montmorency,France,,,,,,
27863238,Aeroport Paris-Beauvais - Airport Lounges,Paris,France,,,,,,
24093453,Hotel Particulier de Montmorency,Montmorency,France,,,,,,
21340665,Fontaine Rene,Montmorency,France,,,,,,
5616575,Venezia,Montmorency,France,,,,,,
21302654,Stele A La Memoire Du Marechal Joffre,Domont,France,,,,,,
11774819,Santa Eulalia,Palleja,Spain,,,,,,
27296946,El Carquinyoli,Palleja,Spain,,,,,,
8853827,Parc de la Molinada,Palleja,Spain,,,,,,
9776366,Al Teu Gust,Palleja,Spain,,,,,,
5863060,La Bretona Creperie,Palleja,Spain,,,,,,
21316762,Xoff Piscina Vilopriu,Vilopriu,Spain,,,,,,
26705321,Pizza a Punt . Palleja,Palleja,Spain,,,,,,
26610981,Mihilla palleja,Palleja,Spain,,,,,,
19085180,Cal Paco,Palleja,Spain,,,,,,
14156612,Fabi'Ana's Food & drink's,Vallirana,Spain,,,,,,
23724919,Hl. Apostel Thomas,Gerasdorf bei Wien,Austria,,,,,,
2283200,Rosehill Foodpark Deutsch-Wagram,Deutsch Wagram,Austria,,,,,,
3226272,Rosenberger Seminar-Hotel Deutsch-Wagram,Deutsch Wagram,Austria,,,,,,
28063404,Gelateria Lorina Cafeteria,Deutsch Wagram,Austria,,,,,,
3483496,Die Olive,Gerasdorf bei Wien,Austria,,,,,,
28063095,Pizzeria & Eissalon San Remo,Deutsch Wagram,Austria,,,,,,
28063145,"Rudy""s Cocktail And More",Gerasdorf bei Wien,Austria,,,,,,
6372697,Hotel Michael,Gerasdorf bei Wien,Austria,,,,,,
3370008,Stadthotel Deutsch Wagram,Deutsch Wagram,Austria,,,,,,
28061427,Cafe La Naranja,Deutsch Wagram,Austria,,,,,,
8274704,Howth Golf Club,Sutton,Ireland,,,,,,
27980076,Deer Park Cafe Bar,Howth,Ireland,,,,,,
23741127,Woander Tours,Dublin,Ireland,,,,,,
1427232,Cornerville,Sutton,Ireland,,,,,,
21408979,St Fintan’s Parish Catholic Church,Sutton,Ireland,,,,,,
216167,National Transport Museum,Howth,Ireland,,,,,,
4374779,Howth Castle And Estate,Howth,Ireland,,,,,,
24143796,Deerpark Hotel Golf & Spa,Howth,Ireland,,,,,,
27980124,Deer Park Cafe Bar,Dublin,Ireland,,,,,,
7102183,Deer Park Golf,Howth,Ireland,,,,,,
12154785,Howth Lighthouse,Howth,Ireland,,,,,,
7261416,Howth Cliff Cruises,Howth,Ireland,,,,,,
11842441,Rush Harbour,Rush,Ireland,,,,,,
2173621,Harbour Bar,Rush,Ireland,,,,,,
6779454,North Beach Tourist Caravan & Camping Park,Rush,Ireland,,,,,,
19618762,Beautiful Seaside Apartments,Rush,Ireland,,,,,,
17758308,Seaside Holiday Apartments,Rush,Ireland,,,,,,
10066028,Maroc House,Rush,Ireland,,,,,,
12383301,The Village Takeaway,Rush,Ireland,,,,,,
11842432,"Rush Martello Tower, Rush, Fingal",Rush,Ireland,,,,,,
7754353,Boutique Hotel Diama,Mratin,Czech Republic,,,,,,
28073433,Potraviny Slunce Mratin,Mratin,Czech Republic,,,,,,
4793434,Na Pekarne,Melnik,Czech Republic,,,,,,
28072434,Hostinec Pod Vrbou,Prague,Czech Republic,,,,,,
1208329,Travel Hotel Prague,Prague,Czech Republic,,,,,,
7124526,U Herciku,Prague,Czech Republic,,,,,,
7736844,Vojackova,Prague,Czech Republic,,,,,,
7730163,Modra Ubytovna,Prague,Czech Republic,,,,,,
28073435,Zmrzlina 89 - Opocenska Zmrzlina,Brandys nad Labem-Stara Boleslav,Czech Republic,,,,,,
28074249,Bar Mystery,Brandys nad Labem-Stara Boleslav,Czech Republic,,,,,,
27316356,Perea,Madrid,Spain,,,,,,
27316751,El July,Madrid,Spain,,,,,,
13967271,Don Jose III Restaurante Gourmet,Madrid,Spain,,,,,,
14183729,Dulces Sabores,Madrid,Spain,,,,,,
13207933,Vinateros,Madrid,Spain,,,,,,
19084194,El Jardin Secreto,Madrid,Spain,,,,,,
9787598,Cafeteria Renones,Madrid,Spain,,,,,,
5918961,Azul y Oro,Madrid,Spain,,,,,,
23275542,Pasteleria Serramonte,Madrid,Spain,,,,,,
5919408,Cafeteria Josper,Madrid,Spain,,,,,,
2283200,Rosehill Foodpark Deutsch-Wagram,Deutsch Wagram,Austria,,,,,,
3226272,Rosenberger Seminar-Hotel Deutsch-Wagram,Deutsch Wagram,Austria,,,,,,
23724919,Hl. Apostel Thomas,Gerasdorf bei Wien,Austria,,,,,,
28063404,Gelateria Lorina Cafeteria,Deutsch Wagram,Austria,,,,,,
3483496,Die Olive,Gerasdorf bei Wien,Austria,,,,,,
28063095,Pizzeria & Eissalon San Remo,Deutsch Wagram,Austria,,,,,,
28063145,"Rudy""s Cocktail And More",Gerasdorf bei Wien,Austria,,,,,,
6372697,Hotel Michael,Gerasdorf bei Wien,Austria,,,,,,
3370008,Stadthotel Deutsch Wagram,Deutsch Wagram,Austria,,,,,,
28061427,Cafe La Naranja,Deutsch Wagram,Austria,,,,,,
23087721,Hiba Taboun,Walthamstow,United Kingdom,,,,,,
21247112,Truman's Social Club,Walthamstow,United Kingdom,,,,,,
12622101,Gourmet Republik,London,United Kingdom,,,,,,
27278349,Sugaholics London,London,United Kingdom,,,,,,
12480097,The Larder,Walthamstow,United Kingdom,,,,,,
12852773,The Prospect,Douglas,United Kingdom,,,,,,
4084964,East London Hostel,London,United Kingdom,,,,,,
27333475,Gs Boutique Cakes,London,United Kingdom,,,,,,
28360532,Mother And More,London,United Kingdom,,,,,,
27197559,Second Nature Wholefoods,London,United Kingdom,,,,,,
28087915,Szentesi Pince,Budaors,Hungary,,,,,,
12635713,Pyrgos Taverna,Budaors,Hungary,,,,,,
28086514,Inyenc Kredenc Budaors,Budaors,Hungary,,,,,,
28086128,Inyencek Haza - Jokenyer Pekseg Es Pikanssagok,Budaors,Hungary,,,,,,
23955128,Delili,Budaors,Hungary,,,,,,
7077637,Friedmann House - Teri Neni's Restaurant,Budaors,Hungary,,,,,,
7717501,Mini Vendeghaz Budaors,Budaors,Hungary,,,,,,
8710836,Jono Yogo - Budaors,Budaors,Hungary,,,,,,
28651596,Ristorante Di Mamma,Budaors,Hungary,,,,,,
19825052,Halpatko,Budaors,Hungary,,,,,,
12705847,Nedergarden Gammalt & Nytt Cafe,Ranas,Sweden,,,,,,
32826241,Il Pascolo,Akersberga,Sweden,,,,,,
23392160,Bromseby,Vallentuna,Sweden,,,,,,
7070996,Johannesbergs Slott,Rimbo,Sweden,,,,,,
5967369,Boson,Lidingo,Sweden,,,,,,
17822926,Bogesundsgarden,Vaxholm,Sweden,,,,,,
13451737,Ullna Indoor Golf,Akersberga,Sweden,,,,,,
5952888,Ullna Golfrestaurang,Akersberga,Sweden,,,,,,
13557990,Askrikevagen Runes,Lidingo,Sweden,,,,,,
28080256,Askrike Pizzeria,Lidingo,Sweden,,,,,,
8504137,La Locomotive,Saint-Denis,France,,,,,,
32986670,Private Drive,Roissy-en-France,France,,,,,,
9767370,La Locomotive,Saint-Denis,France,,,,,,
15548391,Bchef,Roissy-en-France,France,,,,,,
7310554,McDonald's,Tremblay-En-France,France,,,,,,
17540134,Jeff de Bruges,Tremblay-En-France,France,,,,,,
17342754,La Cantine Libanaise,Tremblay-En-France,France,,,,,,
14940034,Starbucks,Tremblay-En-France,France,,,,,,
27534828,Kitsin,Tremblay-En-France,France,,,,,,
16663489,Agence World Marathon,Roissy-en-France,France,,,,,,
3347545,Restaurant Baren,Bad Zurzach,Switzerland,,,,,,
8641561,Ebianum Baggermuseum & Events,Fisibach,Switzerland,,,,,,
28088401,Talgarten / Besenbeiz,Bachs,Switzerland,,,,,,
6674904,Hotel-Restaurant Zum Kreuz,Kaiserstuhl,Switzerland,,,,,,
15511442,Hotel Restaurant Kreuz,Kaiserstuhl,Switzerland,,,,,,
12516248,Kaiserbuhne,Kaiserstuhl,Switzerland,,,,,,
23657837,Chalet Italia Siglistrf,Siglistorf,Switzerland,,,,,,
10467014,"Fischkuche Bahnhofli, Rumikon",Ruemikon,Switzerland,,,,,,
15636002,Lowen Siglistorf,Siglistorf,Switzerland,,,,,,
21249395,Ferienhusli,Siglistorf,Switzerland,,,,,,
28085515,Vegyeskereskedes - Elelmiszerbolt,Budapest,Hungary,,,,,,
1484127,Beta Hotel Garden,Budapest,Hungary,,,,,,
2008730,Apple Hostel,Budapest,Hungary,,,,,,
8002453,Ohegy Etterem Pizzeria,Budapest,Hungary,,,,,,
1463202,Hotel Makrovilag,Budapest,Hungary,,,,,,
276834,Memento Park,Budapest,Hungary,,,,,,
2509259,Keramiapark Guesthaus,Budapest,Hungary,,,,,,
15273123,Paintball Games,Budapest,Hungary,,,,,,
7998418,Budapest Travelmate,Budapest,Hungary,,,,,,
3567014,Csepel Lakihegy-szallas,Szigetszentmiklos,Hungary,,,,,,
23526040,Khemais Bouraoui,Bronshoej,Denmark,,,,,,
28088113,Gonzales Pizzeria,Copenhagen,Denmark,,,,,,
20484212,Bronshoj - Husum,Copenhagen,Denmark,,,,,,
28087546,Thai Chilli Take Away,Copenhagen,Denmark,,,,,,
19650433,Spigad'oro Italiano,Bronshoej,Denmark,,,,,,
12604438,Jonas Pizzeria I Bronshoj,Bronshoej,Denmark,,,,,,
18338056,Smorrebrod,Bronshoej,Denmark,,,,,,
13292585,Kaffeklatten,Bronshoej,Denmark,,,,,,
15017009,Thai Chilli,Bronshoej,Denmark,,,,,,
28088413,Pardesi Nashta Point,Copenhagen,Denmark,,,,,,
